{"type": "FeatureCollection", "features": [{"type": "Feature", "properties": {"edge_id": "OSM-E0001", "length_km": 0.264, "usage": "main", "service": null, "gauge": "1676", "electrified": "contact_line", "voltage": "25000", "railway": "rail", "operator": null, "network": null, "u": "GN-0000", "v": "GN-0001"}, "geometry": {"type": "LineString", "coordinates": [[78.5142344, 17.4370221], [78.5139804, 17.4367431], [78.5138152, 17.4365904], [78.5135657, 17.4363737], [78.5133316, 17.4361537], [78.5130804, 17.4358615], [78.5129401, 17.435604], [78.512825, 17.4351354]]}}, {"type": "Feature", "properties": {"edge_id": "OSM-E0002", "length_km": 0.039, "usage": "main", "service": null, "gauge": "1676", "electrified": "contact_line", "voltage": "25000", "railway": "rail", "operator": null, "network": null, "u": "GN-0002", "v": "GN-0003"}, "geometry": {"type": "LineString", "coordinates": [[78.5128027, 17.4349334], [78.5128028, 17.4347182], [78.5128193, 17.4345864]]}}, {"type": "Feature", "properties": {"edge_id": "OSM-E0003", "length_km": 0.542, "usage": "main", "service": null, "gauge": "1676", "electrified": "contact_line", "voltage": "25000", "railway": "rail", "operator": null, "network": null, "u": "GN-0003", "v": "GN-0004"}, "geometry": {"type": "LineString", "coordinates": [[78.5128193, 17.4345864], [78.5128877, 17.4343126], [78.5129914, 17.4340404], [78.5130896, 17.4338642], [78.5132395, 17.4336721], [78.5134915, 17.4334539], [78.5137823, 17.4332563], [78.5145085, 17.4328445], [78.5147983, 17.4326741], [78.5150927, 17.4325033], [78.5154728, 17.4322533], [78.5158927, 17.4319185], [78.5160429, 17.4317693], [78.5164276, 17.4313321]]}}, {"type": "Feature", "properties": {"edge_id": "OSM-E0004", "length_km": 0.036, "usage": "main", "service": null, "gauge": "1676", "electrified": "contact_line", "voltage": "25000", "railway": "rail", "operator": null, "network": null, "u": "GN-0005", "v": "GN-0006"}, "geometry": {"type": "LineString", "coordinates": [[78.5108641, 17.4338184], [78.5105386, 17.4339065]]}}, {"type": "Feature", "properties": {"edge_id": "OSM-E0005", "length_km": 0.304, "usage": "main", "service": null, "gauge": "1676", "electrified": "contact_line", "voltage": "25000", "railway": "rail", "operator": null, "network": null, "u": "GN-0007", "v": "GN-0008"}, "geometry": {"type": "LineString", "coordinates": [[78.5066275, 17.4344225], [78.5060503, 17.4342756], [78.505907, 17.4342391], [78.5053541, 17.4341295], [78.504908, 17.4340442], [78.5045286, 17.4339799], [78.5039913, 17.4338823], [78.5038309, 17.4338506]]}}, {"type": "Feature", "properties": {"edge_id": "OSM-E0006", "length_km": 0.036, "usage": "main", "service": null, "gauge": "1676", "electrified": "contact_line", "voltage": "25000", "railway": "rail", "operator": null, "network": null, "u": "GN-0009", "v": "GN-0010"}, "geometry": {"type": "LineString", "coordinates": [[78.5122273, 17.4356763], [78.5119051, 17.4355723]]}}, {"type": "Feature", "properties": {"edge_id": "OSM-E0007", "length_km": 1.022, "usage": "main", "service": null, "gauge": "1676", "electrified": "contact_line", "voltage": "25000", "railway": "rail", "operator": null, "network": null, "u": "GN-0011", "v": "GN-0009"}, "geometry": {"type": "LineString", "coordinates": [[78.5206911, 17.4392603], [78.5203244, 17.4391721], [78.5199638, 17.4391121], [78.5194538, 17.4390716], [78.5181439, 17.4390578], [78.5177198, 17.4390373], [78.5173266, 17.4389835], [78.5169908, 17.4389031], [78.5166123, 17.438781], [78.5162153, 17.4385937], [78.5158532, 17.438384], [78.5155509, 17.4381622], [78.5152531, 17.4379217], [78.5145047, 17.4372614], [78.5142344, 17.4370221], [78.5136844, 17.4365412], [78.5132404, 17.4361882], [78.512911, 17.435978], [78.5125762, 17.4358123], [78.5123641, 17.4357296], [78.5122273, 17.4356763]]}}, {"type": "Feature", "properties": {"edge_id": "OSM-E0008", "length_km": 0.056, "usage": "main", "service": null, "gauge": "1676", "electrified": "contact_line", "voltage": "25000", "railway": "rail", "operator": null, "network": null, "u": "GN-0012", "v": "GN-0013"}, "geometry": {"type": "LineString", "coordinates": [[78.5117871, 17.4357582], [78.5120938, 17.4358584], [78.5122826, 17.4359363]]}}, {"type": "Feature", "properties": {"edge_id": "OSM-E0009", "length_km": 4.877, "usage": "main", "service": null, "gauge": "1676", "electrified": "contact_line", "voltage": "25000", "railway": "rail", "operator": null, "network": null, "u": "GN-0014", "v": "GN-0015"}, "geometry": {"type": "LineString", "coordinates": [[78.5803103, 17.4460314], [78.5805056, 17.4460184], [78.5808827, 17.4460143], [78.5812789, 17.446043], [78.5816364, 17.4460845], [78.582004, 17.4461499], [78.5823007, 17.4462226], [78.5826867, 17.4463418], [78.5831304, 17.4465157], [78.5835486, 17.4467065], [78.5847853, 17.4473243], [78.585387, 17.4476171], [78.5861922, 17.4480158], [78.5875641, 17.4486791], [78.5897273, 17.4497768], [78.5901695, 17.4499948], [78.5955646, 17.4526712], [78.6003638, 17.4550449], [78.600654, 17.4551808], [78.6019779, 17.4558343], [78.6097679, 17.4597028], [78.6100906, 17.4598519], [78.6104648, 17.460004], [78.610877, 17.4601363], [78.6112905, 17.4602394], [78.6116423, 17.460308], [78.6119728, 17.4603499], [78.6123075, 17.4603548], [78.6126575, 17.4603609], [78.6130489, 17.4603399], [78.6134611, 17.460292], [78.6137644, 17.4602372], [78.6140978, 17.4601626], [78.6144253, 17.4600702], [78.6148, 17.459951], [78.6151642, 17.4597963], [78.6158708, 17.4594462], [78.618213, 17.4581623], [78.6204083, 17.456948], [78.6216558, 17.4562646]]}}, {"type": "Feature", "properties": {"edge_id": "OSM-E0010", "length_km": 0.843, "usage": "main", "service": null, "gauge": "1676", "electrified": null, "voltage": null, "railway": "rail", "operator": null, "network": null, "u": "GN-0016", "v": "GN-0017"}, "geometry": {"type": "LineString", "coordinates": [[78.5482551, 17.4464732], [78.5481212, 17.4466688], [78.5478118, 17.4471458], [78.5477751, 17.4472016], [78.5472766, 17.4479578], [78.5455538, 17.4505216], [78.5453469, 17.4508279], [78.5452121, 17.4509971], [78.5451007, 17.4511304], [78.5449571, 17.4512744], [78.5447991, 17.4513835], [78.5445964, 17.451513], [78.5444142, 17.4515956], [78.544237, 17.4516562], [78.5440165, 17.4517117], [78.5438279, 17.4517349], [78.5435851, 17.4517409], [78.5431534, 17.4517417]]}}, {"type": "Feature", "properties": {"edge_id": "OSM-E0011", "length_km": 1.668, "usage": "main", "service": null, "gauge": "1676", "electrified": "contact_line", "voltage": "25000", "railway": "rail", "operator": null, "network": null, "u": "GN-0018", "v": "GN-0019"}, "geometry": {"type": "LineString", "coordinates": [[78.5278797, 17.4441554], [78.528157, 17.4446342], [78.528304, 17.4449564], [78.5284792, 17.4454528], [78.5285401, 17.4456028], [78.5286152, 17.4457835], [78.5290959, 17.4468202], [78.5291852, 17.4470291], [78.5292734, 17.4472755], [78.5296144, 17.4484144], [78.5298195, 17.4490995], [78.529861, 17.4492734], [78.5298795, 17.4493904], [78.529905, 17.4495973], [78.5299305, 17.4498377], [78.529956, 17.4500781], [78.5299847, 17.4504098], [78.5300422, 17.4506806], [78.5303898, 17.4518095], [78.5304232, 17.4519218], [78.5306772, 17.4527749], [78.5308004, 17.4531944], [78.5310214, 17.4539395], [78.5311301, 17.4542769], [78.5312339, 17.4544978], [78.5314238, 17.4547704], [78.5316697, 17.4550297], [78.5319118, 17.4551981], [78.5322208, 17.4553696], [78.5324689, 17.455457], [78.5327667, 17.4555148], [78.5330548, 17.455536], [78.5332404, 17.4555289], [78.5333942, 17.4555122], [78.5335547, 17.4554798], [78.5337295, 17.455424], [78.5339264, 17.4553506], [78.5341122, 17.4552601], [78.5350046, 17.4548452]]}}, {"type": "Feature", "properties": {"edge_id": "OSM-E0012", "length_km": 0.266, "usage": "main", "service": null, "gauge": "1676", "electrified": null, "voltage": null, "railway": "rail", "operator": null, "network": null, "u": "GN-0020", "v": "GN-0016"}, "geometry": {"type": "LineString", "coordinates": [[78.5502587, 17.4450931], [78.5499109, 17.445222], [78.549492, 17.4454203], [78.5491536, 17.4456314], [78.5489444, 17.4457779], [78.5487724, 17.4459094], [78.548543, 17.4461268], [78.548383, 17.446305], [78.5482551, 17.4464732]]}}, {"type": "Feature", "properties": {"edge_id": "OSM-E0013", "length_km": 2.453, "usage": "main", "service": null, "gauge": "1676", "electrified": null, "voltage": null, "railway": "rail", "operator": null, "network": null, "u": "GN-0021", "v": "GN-0020"}, "geometry": {"type": "LineString", "coordinates": [[78.571371, 17.4491483], [78.5704977, 17.4495431], [78.5696676, 17.4499848], [78.5693277, 17.4501498], [78.5690803, 17.450255], [78.5687428, 17.4503839], [78.5684171, 17.4504874], [78.5681657, 17.4505517], [78.5678929, 17.4506055], [78.5676004, 17.450654], [78.567311, 17.4506866], [78.5669367, 17.4507193], [78.5654807, 17.4508057], [78.5650017, 17.4508031], [78.5646059, 17.4507718], [78.5642457, 17.4507198], [78.563834, 17.4506182], [78.5634463, 17.4504846], [78.5631229, 17.4503294], [78.5607322, 17.4490128], [78.5580037, 17.4475253], [78.5548989, 17.4458433], [78.5533424, 17.4449876], [78.5530334, 17.4448505], [78.5526834, 17.4447557], [78.5523499, 17.4447124], [78.5520863, 17.4447259], [78.5517703, 17.4447708], [78.5508484, 17.4449431], [78.5505523, 17.4450098], [78.5502587, 17.4450931]]}}, {"type": "Feature", "properties": {"edge_id": "OSM-E0014", "length_km": 1.116, "usage": "main", "service": null, "gauge": "1676", "electrified": "contact_line", "voltage": "25000", "railway": "rail", "operator": null, "network": null, "u": "GN-0022", "v": "GN-0023"}, "geometry": {"type": "LineString", "coordinates": [[78.4698989, 17.4378171], [78.4704869, 17.4379183], [78.4708044, 17.4379465], [78.4712923, 17.4379551], [78.4716471, 17.4379166], [78.4720125, 17.437847], [78.4725092, 17.4376908], [78.4728192, 17.4375648], [78.4730549, 17.4374443], [78.4733182, 17.4372945], [78.4737742, 17.4369704], [78.4743314, 17.4365292], [78.4748224, 17.4362188], [78.4748652, 17.4361977], [78.4750761, 17.4360896], [78.4754241, 17.4359446], [78.4759817, 17.4357993], [78.4764076, 17.435725], [78.476728, 17.4356718], [78.4781998, 17.4354414], [78.4789367, 17.4352961], [78.4797291, 17.4350917]]}}, {"type": "Feature", "properties": {"edge_id": "OSM-E0015", "length_km": 0.084, "usage": "main", "service": null, "gauge": "1676", "electrified": "contact_line", "voltage": "25000", "railway": "rail", "operator": null, "network": null, "u": "GN-0024", "v": "GN-0022"}, "geometry": {"type": "LineString", "coordinates": [[78.4691277, 17.4376643], [78.4698989, 17.4378171]]}}, {"type": "Feature", "properties": {"edge_id": "OSM-E0016", "length_km": 0.027, "usage": "main", "service": null, "gauge": "1676", "electrified": "contact_line", "voltage": "25000", "railway": "rail", "operator": null, "network": null, "u": "GN-0025", "v": "GN-0026"}, "geometry": {"type": "LineString", "coordinates": [[78.4560487, 17.4394175], [78.4558473, 17.4395681]]}}, {"type": "Feature", "properties": {"edge_id": "OSM-E0017", "length_km": 0.02, "usage": "main", "service": null, "gauge": "1676", "electrified": "contact_line", "voltage": "25000", "railway": "rail", "operator": null, "network": null, "u": "GN-0027", "v": "GN-0028"}, "geometry": {"type": "LineString", "coordinates": [[78.4595773, 17.4636561], [78.4594498, 17.4635182]]}}, {"type": "Feature", "properties": {"edge_id": "OSM-E0018", "length_km": 0.163, "usage": "main", "service": null, "gauge": "1676", "electrified": "contact_line", "voltage": "25000", "railway": "rail", "operator": null, "network": null, "u": "GN-0029", "v": "GN-0030"}, "geometry": {"type": "LineString", "coordinates": [[78.4506234, 17.4631119], [78.4503535, 17.4631813], [78.4501805, 17.4632214], [78.4500473, 17.4632451], [78.4499024, 17.4632677], [78.4497297, 17.4632825], [78.4495583, 17.4632882], [78.4494223, 17.4632873], [78.4492906, 17.4632776], [78.4491059, 17.4632519]]}}, {"type": "Feature", "properties": {"edge_id": "OSM-E0019", "length_km": 0.126, "usage": "main", "service": null, "gauge": "1676", "electrified": "contact_line", "voltage": "25000", "railway": "rail", "operator": null, "network": null, "u": "GN-0031", "v": "GN-0029"}, "geometry": {"type": "LineString", "coordinates": [[78.4517632, 17.4628059], [78.4506234, 17.4631119]]}}, {"type": "Feature", "properties": {"edge_id": "OSM-E0020", "length_km": 0.243, "usage": "main", "service": null, "gauge": "1676", "electrified": "contact_line", "voltage": "25000", "railway": "rail", "operator": null, "network": null, "u": "GN-0030", "v": "GN-0032"}, "geometry": {"type": "LineString", "coordinates": [[78.4491059, 17.4632519], [78.4489676, 17.4632253], [78.4488338, 17.4631907], [78.4485904, 17.463113], [78.4483597, 17.4630066], [78.4481494, 17.4628823], [78.4479462, 17.4627418], [78.4477131, 17.4625671], [78.4471772, 17.4621309]]}}, {"type": "Feature", "properties": {"edge_id": "OSM-E0021", "length_km": 0.02, "usage": "main", "service": null, "gauge": "1676", "electrified": "contact_line", "voltage": "25000", "railway": "rail", "operator": null, "network": null, "u": "GN-0033", "v": "GN-0034"}, "geometry": {"type": "LineString", "coordinates": [[78.4532642, 17.4623959], [78.4530812, 17.4624438]]}}, {"type": "Feature", "properties": {"edge_id": "OSM-E0022", "length_km": 0.711, "usage": "main", "service": null, "gauge": "1676", "electrified": "contact_line", "voltage": "25000", "railway": "rail", "operator": null, "network": null, "u": "GN-0028", "v": "GN-0033"}, "geometry": {"type": "LineString", "coordinates": [[78.4594498, 17.4635182], [78.4592204, 17.4632752], [78.4590058, 17.4631126], [78.4587817, 17.4629726], [78.4584774, 17.4628184], [78.4577198, 17.4624425], [78.4574918, 17.4623353], [78.4572662, 17.4622334], [78.4569565, 17.4621191], [78.4566675, 17.4620339], [78.4563273, 17.4619629], [78.4560091, 17.4619243], [78.4557507, 17.4619093], [78.455463, 17.4619103], [78.4551536, 17.4619376], [78.4548215, 17.4619867], [78.454501, 17.4620617], [78.4532642, 17.4623959]]}}, {"type": "Feature", "properties": {"edge_id": "OSM-E0023", "length_km": 0.482, "usage": "main", "service": null, "gauge": "1676", "electrified": "contact_line", "voltage": "25000", "railway": "rail", "operator": null, "network": null, "u": "GN-0035", "v": "GN-0036"}, "geometry": {"type": "LineString", "coordinates": [[78.5099309, 17.4340734], [78.5091628, 17.434269], [78.5087623, 17.4343691], [78.5084738, 17.4344143], [78.5080962, 17.4344499], [78.5077509, 17.434443], [78.507429, 17.4344236], [78.5072233, 17.4343988], [78.5069707, 17.434354], [78.5066239, 17.4342703], [78.506311, 17.4341749], [78.5058069, 17.4339622], [78.5055486, 17.4338373]]}}, {"type": "Feature", "properties": {"edge_id": "OSM-E0024", "length_km": 0.051, "usage": "main", "service": null, "gauge": "1676", "electrified": "contact_line", "voltage": "25000", "railway": "rail", "operator": null, "network": null, "u": "GN-0037", "v": "GN-0038"}, "geometry": {"type": "LineString", "coordinates": [[78.5272696, 17.4840853], [78.5269534, 17.4844286]]}}, {"type": "Feature", "properties": {"edge_id": "OSM-E0025", "length_km": 0.749, "usage": "main", "service": null, "gauge": "1676", "electrified": "contact_line", "voltage": "25000", "railway": "rail", "operator": null, "network": null, "u": "GN-0039", "v": "GN-0037"}, "geometry": {"type": "LineString", "coordinates": [[78.5323651, 17.4795536], [78.532076, 17.4796456], [78.5317994, 17.4797536], [78.5315044, 17.4798939], [78.5312025, 17.4800643], [78.5309391, 17.4802512], [78.5306664, 17.4804802], [78.5304411, 17.4806914], [78.5272696, 17.4840853]]}}, {"type": "Feature", "properties": {"edge_id": "OSM-E0026", "length_km": 0.552, "usage": "main", "service": null, "gauge": "1676", "electrified": "contact_line", "voltage": "25000", "railway": "rail", "operator": null, "network": null, "u": "GN-0019", "v": "GN-0040"}, "geometry": {"type": "LineString", "coordinates": [[78.5350064, 17.454888], [78.5333494, 17.4556633], [78.5331275, 17.455771], [78.5327907, 17.4559898], [78.5325234, 17.4562522], [78.5323389, 17.4565177], [78.5322176, 17.4568234], [78.5321411, 17.4570659], [78.5321298, 17.4571851], [78.5321276, 17.4575435], [78.5321643, 17.457819], [78.5322825, 17.458364]]}}, {"type": "Feature", "properties": {"edge_id": "OSM-E0027", "length_km": 0.026, "usage": "main", "service": null, "gauge": "1676", "electrified": "contact_line", "voltage": "25000", "railway": "rail", "operator": null, "network": null, "u": "GN-0041", "v": "GN-0019"}, "geometry": {"type": "LineString", "coordinates": [[78.535226, 17.4547852], [78.5350064, 17.454888]]}}, {"type": "Feature", "properties": {"edge_id": "OSM-E0028", "length_km": 0.016, "usage": "main", "service": null, "gauge": "1676", "electrified": "contact_line", "voltage": "25000", "railway": "rail", "operator": null, "network": null, "u": "GN-0042", "v": "GN-0043"}, "geometry": {"type": "LineString", "coordinates": [[78.4883271, 17.4324643], [78.4884664, 17.4324214]]}}, {"type": "Feature", "properties": {"edge_id": "OSM-E0029", "length_km": 9.694, "usage": "main", "service": null, "gauge": "1676", "electrified": "contact_line", "voltage": "25000", "railway": "rail", "operator": null, "network": null, "u": "GN-0044", "v": "GN-0045"}, "geometry": {"type": "LineString", "coordinates": [[78.515952, 17.5171182], [78.5159909, 17.5169942], [78.5161126, 17.5166234], [78.5162089, 17.5162344], [78.5162947, 17.5156798], [78.5163545, 17.5151736], [78.5163696, 17.5146369], [78.5163446, 17.5141145], [78.5162662, 17.5134207], [78.516113, 17.5127033], [78.5159038, 17.5119939], [78.5156451, 17.5112523], [78.5148205, 17.5089848], [78.5146063, 17.5082582], [78.5145099, 17.5078319], [78.5144145, 17.5072684], [78.5143885, 17.5068644], [78.5144141, 17.5060805], [78.5144458, 17.505732], [78.5144943, 17.5054144], [78.514544, 17.5051574], [78.5145829, 17.5050314], [78.5146695, 17.5048022], [78.5148672, 17.5043306], [78.515254, 17.5034741], [78.5164191, 17.5009287], [78.5170208, 17.4995982], [78.5175907, 17.4983346], [78.5189922, 17.4952086], [78.5194977, 17.4941102], [78.519806, 17.4934612], [78.5198597, 17.4933726], [78.5200067, 17.4930991], [78.5203009, 17.4926863], [78.5205947, 17.4923338], [78.5208502, 17.4920666], [78.5212078, 17.4917454], [78.5216388, 17.491409], [78.5218731, 17.4912583], [78.5221298, 17.4911045], [78.5231515, 17.4906054], [78.5242146, 17.4901214], [78.5246841, 17.4898903], [78.5250226, 17.4897107], [78.5254208, 17.4894534], [78.5257242, 17.48922], [78.5260618, 17.4888818], [78.5262647, 17.488643], [78.5264711, 17.4883524], [78.526672, 17.4879935], [78.526806, 17.4876862], [78.5268889, 17.487458], [78.5269559, 17.4872329], [78.5270038, 17.4869895], [78.5270484, 17.4867583], [78.527074, 17.4865271], [78.5270771, 17.4862021], [78.5270867, 17.48573], [78.5270931, 17.4853832], [78.5270931, 17.4845983], [78.5271058, 17.4838681], [78.5271441, 17.4833387], [78.5271984, 17.4829128], [78.5272653, 17.4824869], [78.5273355, 17.4821674], [78.5274695, 17.4816867], [78.5276385, 17.4811056], [78.5277884, 17.4805975], [78.52805, 17.4797061], [78.5281903, 17.4792406], [78.5284902, 17.4782458], [78.5286806, 17.4775047], [78.528981, 17.4764781], [78.5291969, 17.4757722], [78.5295268, 17.4746404], [78.5298554, 17.4735086], [78.5301712, 17.4724681], [78.5306273, 17.4709377], [78.5308856, 17.4700432], [78.5311249, 17.4692582], [78.5313467, 17.4684624], [78.5315955, 17.4676348], [78.5318188, 17.4668772], [78.5320389, 17.4661165], [78.5323483, 17.4651125], [78.5326545, 17.4640232], [78.5327502, 17.4636684], [78.5328303, 17.4633631], [78.5329586, 17.4627452], [78.5330088, 17.4623132], [78.5330311, 17.4617993], [78.533017, 17.4613698], [78.5329678, 17.460852], [78.5328487, 17.460302], [78.5324428, 17.458907], [78.5322825, 17.458364], [78.5315843, 17.4560428], [78.5312002, 17.454764], [78.531044, 17.4541856], [78.5305191, 17.4524136], [78.5303701, 17.4519361], [78.5301392, 17.4511772], [78.5299212, 17.4504252], [78.5293347, 17.4484844], [78.5284086, 17.4454197], [78.5283935, 17.445371], [78.5282196, 17.4449045], [78.5278797, 17.4441554], [78.5277387, 17.4439005], [78.5275618, 17.4436069], [78.5273632, 17.4433056], [78.5271649, 17.4430329], [78.5269944, 17.4428028], [78.5267386, 17.4424948], [78.526349, 17.4420709], [78.5258967, 17.4416199], [78.5255733, 17.4413251], [78.5253985, 17.441183], [78.5251709, 17.4410055], [78.5249501, 17.440854], [78.5246501, 17.4406626], [78.524098, 17.4403682], [78.5238767, 17.4402719], [78.5233933, 17.4400828], [78.5229704, 17.4399478], [78.5213407, 17.4394687]]}}, {"type": "Feature", "properties": {"edge_id": "OSM-E0030", "length_km": 0.073, "usage": "main", "service": null, "gauge": "1676", "electrified": "contact_line", "voltage": "25000", "railway": "rail", "operator": null, "network": null, "u": "GN-0045", "v": "GN-0011"}, "geometry": {"type": "LineString", "coordinates": [[78.5213407, 17.4394687], [78.5206911, 17.4392603]]}}, {"type": "Feature", "properties": {"edge_id": "OSM-E0031", "length_km": 0.969, "usage": "main", "service": null, "gauge": "1676", "electrified": "contact_line", "voltage": "25000", "railway": "rail", "operator": null, "network": null, "u": "GN-0046", "v": "GN-0047"}, "geometry": {"type": "LineString", "coordinates": [[78.4626468, 17.4372466], [78.4629162, 17.4370655], [78.4631243, 17.4369148], [78.4633027, 17.4367688], [78.4634972, 17.4365646], [78.4636447, 17.4363888], [78.4638122, 17.4361533], [78.4639457, 17.4359337], [78.4640735, 17.4357062], [78.4641625, 17.4355175], [78.4642558, 17.4352802], [78.4643342, 17.4350121], [78.4643894, 17.4346645], [78.4643978, 17.434361], [78.464371, 17.4340151], [78.4643285, 17.4337443], [78.4642754, 17.433527], [78.4641698, 17.433222], [78.4640632, 17.4329889], [78.4638904, 17.4326814], [78.4626141, 17.4306454], [78.4624344, 17.4303322], [78.4622688, 17.4300229], [78.4621777, 17.4298452], [78.4621046, 17.4296644]]}}, {"type": "Feature", "properties": {"edge_id": "OSM-E0032", "length_km": 1.213, "usage": "main", "service": null, "gauge": "1676", "electrified": "contact_line", "voltage": "25000", "railway": "rail", "operator": null, "network": null, "u": "GN-0048", "v": "GN-0049"}, "geometry": {"type": "LineString", "coordinates": [[78.4616806, 17.4283582], [78.4617201, 17.4286567], [78.4617896, 17.4289492], [78.4618794, 17.4292475], [78.4619668, 17.4294761], [78.4620926, 17.4297583], [78.4622337, 17.4300387], [78.4624021, 17.4303585], [78.4625723, 17.4306554], [78.4638425, 17.4326912], [78.4640141, 17.433006], [78.4641207, 17.433246], [78.4642254, 17.4335478], [78.4642761, 17.4337445], [78.4643207, 17.4340265], [78.4643496, 17.4343724], [78.4643406, 17.4346677], [78.4642848, 17.4350021], [78.4642038, 17.4352639], [78.4641102, 17.4354968], [78.4640262, 17.4356877], [78.463902, 17.4359236], [78.4637753, 17.4361145], [78.4635937, 17.4363556], [78.46344, 17.4365139], [78.4632531, 17.4366959], [78.4630724, 17.4368583], [78.4628201, 17.4370637], [78.4624492, 17.437308], [78.4621507, 17.4374841], [78.4618193, 17.4376636]]}}, {"type": "Feature", "properties": {"edge_id": "OSM-E0033", "length_km": 2.035, "usage": "main", "service": null, "gauge": "1676", "electrified": "contact_line", "voltage": "25000", "railway": "rail", "operator": null, "network": null, "u": "GN-0050", "v": "GN-0051"}, "geometry": {"type": "LineString", "coordinates": [[78.4612642, 17.4159786], [78.4612292, 17.4158284], [78.4611481, 17.4154676], [78.4611013, 17.4150635], [78.4610936, 17.4147421], [78.4610957, 17.4143598], [78.4611118, 17.4138929], [78.4611475, 17.4134739], [78.4611879, 17.4129881], [78.4612848, 17.4120202], [78.4613968, 17.4110244], [78.4614503, 17.4105527], [78.4617711, 17.4077039], [78.4618217, 17.4073838], [78.4618969, 17.4069772], [78.4620817, 17.406288], [78.4621783, 17.4060016], [78.4623092, 17.4056314], [78.4625045, 17.4052026], [78.4627335, 17.4047659], [78.4629961, 17.4043341], [78.4631846, 17.4040566], [78.4634513, 17.4036974], [78.4636441, 17.4034716], [78.4661806, 17.400442], [78.4665636, 17.3999837], [78.4668457, 17.3995806], [78.4670416, 17.3992586]]}}, {"type": "Feature", "properties": {"edge_id": "OSM-E0034", "length_km": 0.027, "usage": "main", "service": null, "gauge": "1676", "electrified": "contact_line", "voltage": "25000", "railway": "rail", "operator": null, "network": null, "u": "GN-0026", "v": "GN-0025"}, "geometry": {"type": "LineString", "coordinates": [[78.4558661, 17.4396162], [78.4560691, 17.4394638]]}}, {"type": "Feature", "properties": {"edge_id": "OSM-E0035", "length_km": 0.813, "usage": "main", "service": null, "gauge": "1676", "electrified": "contact_line", "voltage": "25000", "railway": "rail", "operator": null, "network": null, "u": "GN-0052", "v": "GN-0053"}, "geometry": {"type": "LineString", "coordinates": [[78.4616803, 17.4377838], [78.4622305, 17.4375366], [78.4623477, 17.4374787], [78.4627682, 17.4372408], [78.4630661, 17.4370656], [78.4633385, 17.4369206], [78.4635769, 17.4368229], [78.463727, 17.436779], [78.4638859, 17.4367385], [78.464082, 17.4366947], [78.4643083, 17.4366492], [78.4646011, 17.4366146], [78.4649204, 17.4365902], [78.4652207, 17.4365893], [78.465445, 17.4366001], [78.4656349, 17.4366136], [78.4660478, 17.4366795], [78.4664102, 17.4367776], [78.4664499, 17.4367883], [78.4668312, 17.4369348], [78.4670586, 17.4370256], [78.4673082, 17.4371405], [78.4674988, 17.4372325], [78.4677846, 17.4373519], [78.4679684, 17.4374222], [78.4681167, 17.4374704], [78.4683299, 17.4375221], [78.4688756, 17.4376124]]}}, {"type": "Feature", "properties": {"edge_id": "OSM-E0036", "length_km": 0.084, "usage": "main", "service": null, "gauge": "1676", "electrified": "contact_line", "voltage": "25000", "railway": "rail", "operator": null, "network": null, "u": "GN-0022", "v": "GN-0024"}, "geometry": {"type": "LineString", "coordinates": [[78.4699072, 17.437771], [78.4691309, 17.4376184]]}}, {"type": "Feature", "properties": {"edge_id": "OSM-E0037", "length_km": 0.151, "usage": "main", "service": null, "gauge": null, "electrified": null, "voltage": null, "railway": "rail", "operator": null, "network": null, "u": "GN-0054", "v": "GN-0055"}, "geometry": {"type": "LineString", "coordinates": [[78.4660706, 17.435963], [78.4661763, 17.4361071], [78.4663353, 17.4363012], [78.4665434, 17.436534], [78.4665748, 17.4365658], [78.4666836, 17.4366763], [78.4667976, 17.4367789], [78.467035, 17.4369494]]}}, {"type": "Feature", "properties": {"edge_id": "OSM-E0038", "length_km": 0.057, "usage": "main", "service": null, "gauge": "1676", "electrified": "contact_line", "voltage": "25000", "railway": "rail", "operator": null, "network": null, "u": "GN-0013", "v": "GN-0012"}, "geometry": {"type": "LineString", "coordinates": [[78.5122982, 17.4358966], [78.512105, 17.4358181], [78.5117941, 17.4357191]]}}, {"type": "Feature", "properties": {"edge_id": "OSM-E0039", "length_km": 4.875, "usage": "main", "service": null, "gauge": "1676", "electrified": "contact_line", "voltage": "25000", "railway": "rail", "operator": null, "network": null, "u": "GN-0015", "v": "GN-0014"}, "geometry": {"type": "LineString", "coordinates": [[78.621629, 17.4562172], [78.6212658, 17.4564156], [78.6191978, 17.457558], [78.6181938, 17.4581219], [78.6158558, 17.4594076], [78.6151457, 17.4597552], [78.6147843, 17.4599014], [78.6144005, 17.4600268], [78.614075, 17.460114], [78.6137521, 17.4601877], [78.6134605, 17.4602456], [78.6130535, 17.4602913], [78.61267, 17.4603141], [78.6123034, 17.4603123], [78.6119738, 17.4603049], [78.6116667, 17.4602702], [78.6114901, 17.4602412], [78.6112995, 17.4602039], [78.6108856, 17.4600963], [78.6104903, 17.4599656], [78.6101009, 17.4598089], [78.6097902, 17.4596637], [78.6016999, 17.4556501], [78.6014098, 17.4555029], [78.6003746, 17.4550039], [78.5981078, 17.4538863], [78.5955787, 17.4526316], [78.5902, 17.4499632], [78.5897474, 17.4497436], [78.5875828, 17.4486396], [78.5862136, 17.4479783], [78.5854038, 17.4475733], [78.5848056, 17.4472882], [78.5835728, 17.4466677], [78.5831492, 17.4464785], [78.5827042, 17.4462996], [78.582321, 17.4461812], [78.5820173, 17.4461093], [78.5816431, 17.4460448], [78.5812838, 17.445999], [78.5808874, 17.445976], [78.5805133, 17.4459792], [78.5803117, 17.4459914]]}}, {"type": "Feature", "properties": {"edge_id": "OSM-E0040", "length_km": 1.737, "usage": "main", "service": null, "gauge": "1676", "electrified": "contact_line", "voltage": "25000", "railway": "rail", "operator": null, "network": null, "u": "GN-0056", "v": "GN-0057"}, "geometry": {"type": "LineString", "coordinates": [[78.368268, 17.4821959], [78.3685388, 17.4821788], [78.369848, 17.482084], [78.3708829, 17.4819801], [78.3712616, 17.4819019], [78.3716773, 17.4817913], [78.3720661, 17.4816631], [78.3727266, 17.4813844], [78.3732994, 17.4810332], [78.3739657, 17.4805064], [78.3745473, 17.479974], [78.3759296, 17.4787503], [78.3770459, 17.4777802], [78.3775736, 17.4772939], [78.3783432, 17.4766899], [78.378808, 17.4763483], [78.3798462, 17.475722], [78.3805177, 17.4753478], [78.3811679, 17.4749717], [78.3817073, 17.47463], [78.3819641, 17.4744442]]}}, {"type": "Feature", "properties": {"edge_id": "OSM-E0041", "length_km": 0.015, "usage": "main", "service": null, "gauge": "1676", "electrified": "contact_line", "voltage": "25000", "railway": "rail", "operator": null, "network": null, "u": "GN-0043", "v": "GN-0042"}, "geometry": {"type": "LineString", "coordinates": [[78.4884623, 17.4323791], [78.4883234, 17.4324201]]}}, {"type": "Feature", "properties": {"edge_id": "OSM-E0042", "length_km": 0.036, "usage": "main", "service": null, "gauge": "1676", "electrified": "contact_line", "voltage": "25000", "railway": "rail", "operator": null, "network": null, "u": "GN-0058", "v": "GN-0023"}, "geometry": {"type": "LineString", "coordinates": [[78.4800405, 17.4349527], [78.479716, 17.4350535]]}}, {"type": "Feature", "properties": {"edge_id": "OSM-E0043", "length_km": 0.036, "usage": "main", "service": null, "gauge": "1676", "electrified": "contact_line", "voltage": "25000", "railway": "rail", "operator": null, "network": null, "u": "GN-0023", "v": "GN-0058"}, "geometry": {"type": "LineString", "coordinates": [[78.4797291, 17.4350917], [78.4800536, 17.4349909]]}}, {"type": "Feature", "properties": {"edge_id": "OSM-E0044", "length_km": 0.305, "usage": "main", "service": null, "gauge": "1676", "electrified": "contact_line", "voltage": "25000", "railway": "rail", "operator": null, "network": null, "u": "GN-0059", "v": "GN-0060"}, "geometry": {"type": "LineString", "coordinates": [[78.446953, 17.4619578], [78.4468081, 17.4618478], [78.4466561, 17.4617375], [78.4464084, 17.4615897], [78.4461241, 17.4614492], [78.4458565, 17.4613507], [78.44554, 17.4612491], [78.4453059, 17.4611925], [78.4450883, 17.4611609], [78.4448949, 17.4611481], [78.4446426, 17.4611388], [78.4442863, 17.4611373]]}}, {"type": "Feature", "properties": {"edge_id": "OSM-E0045", "length_km": 1.113, "usage": "main", "service": null, "gauge": "1676", "electrified": "contact_line", "voltage": "25000", "railway": "rail", "operator": null, "network": null, "u": "GN-0023", "v": "GN-0022"}, "geometry": {"type": "LineString", "coordinates": [[78.479716, 17.4350535], [78.4789359, 17.435261], [78.4783346, 17.4353716], [78.4772648, 17.4355398], [78.4763981, 17.4356742], [78.4760888, 17.4357264], [78.4756807, 17.4358232], [78.4752726, 17.4359522], [78.474966, 17.4360766], [78.4745651, 17.4363139], [78.4743164, 17.4364752], [78.473505, 17.4371041], [78.4730897, 17.437369], [78.4727178, 17.437551], [78.4723918, 17.4376755], [78.4720513, 17.4377883], [78.4718116, 17.4378402], [78.4713501, 17.4379004], [78.470942, 17.4379074], [78.4704885, 17.4378782], [78.4699072, 17.437771]]}}, {"type": "Feature", "properties": {"edge_id": "OSM-E0046", "length_km": 1.893, "usage": "main", "service": null, "gauge": "1676", "electrified": "contact_line", "voltage": "25000", "railway": "rail", "operator": null, "network": null, "u": "GN-0060", "v": "GN-0061"}, "geometry": {"type": "LineString", "coordinates": [[78.4442863, 17.4611373], [78.4446631, 17.4611086], [78.446076, 17.4610142], [78.4463165, 17.4609786], [78.4465963, 17.4609234], [78.4468862, 17.4608483], [78.447124, 17.4607734], [78.4473773, 17.4606817], [78.4476593, 17.4605415], [78.4480395, 17.4603124], [78.448392, 17.4600613], [78.4486625, 17.4598286], [78.449003, 17.4594762], [78.4492879, 17.4590915], [78.4495439, 17.4585962], [78.4496537, 17.4583328], [78.4497442, 17.4581036], [78.449869, 17.457618], [78.4500012, 17.4568537], [78.4501202, 17.4561656], [78.4502878, 17.4552072], [78.4505927, 17.4537191], [78.4508027, 17.4526359], [78.4509642, 17.4517754], [78.4510331, 17.4512158], [78.4510858, 17.450961], [78.4511983, 17.4503996], [78.4512261, 17.4502708], [78.4514032, 17.4493045], [78.451476, 17.4488957], [78.4515885, 17.4482639], [78.4516682, 17.4477762]]}}, {"type": "Feature", "properties": {"edge_id": "OSM-E0047", "length_km": 0.559, "usage": "main", "service": null, "gauge": "1676", "electrified": "contact_line", "voltage": "25000", "railway": "rail", "operator": null, "network": null, "u": "GN-0058", "v": "GN-0062"}, "geometry": {"type": "LineString", "coordinates": [[78.4800536, 17.4349909], [78.4814005, 17.4345875], [78.4831681, 17.43403], [78.4850782, 17.4334648]]}}, {"type": "Feature", "properties": {"edge_id": "OSM-E0048", "length_km": 0.336, "usage": "main", "service": null, "gauge": "1676", "electrified": "contact_line", "voltage": "25000", "railway": "rail", "operator": null, "network": null, "u": "GN-0042", "v": "GN-0063"}, "geometry": {"type": "LineString", "coordinates": [[78.4883234, 17.4324201], [78.4868237, 17.4328826], [78.4853164, 17.4333555]]}}, {"type": "Feature", "properties": {"edge_id": "OSM-E0049", "length_km": 0.021, "usage": "main", "service": null, "gauge": "1676", "electrified": "contact_line", "voltage": "25000", "railway": "rail", "operator": null, "network": null, "u": "GN-0064", "v": "GN-0057"}, "geometry": {"type": "LineString", "coordinates": [[78.3820603, 17.4742908], [78.3818923, 17.4743979]]}}, {"type": "Feature", "properties": {"edge_id": "OSM-E0050", "length_km": 0.016, "usage": "main", "service": null, "gauge": "1676", "electrified": "contact_line", "voltage": "25000", "railway": "rail", "operator": null, "network": null, "u": "GN-0057", "v": "GN-0064"}, "geometry": {"type": "LineString", "coordinates": [[78.3819641, 17.4744442], [78.3820868, 17.4743555]]}}, {"type": "Feature", "properties": {"edge_id": "OSM-E0051", "length_km": 2.024, "usage": "main", "service": null, "gauge": "1676", "electrified": "contact_line", "voltage": "25000", "railway": "rail", "operator": null, "network": null, "u": "GN-0061", "v": "GN-0065"}, "geometry": {"type": "LineString", "coordinates": [[78.4516142, 17.4477615], [78.4512045, 17.4501284], [78.4511427, 17.4503583], [78.4510194, 17.4509488], [78.4509985, 17.4511399], [78.4502487, 17.4552049], [78.4500812, 17.4561609], [78.4499607, 17.456849], [78.449837, 17.4575555], [78.4497007, 17.4580946], [78.4495188, 17.4585394], [78.4493281, 17.4589126], [78.4491051, 17.4592633], [78.448664, 17.4597557], [78.4483314, 17.4600465], [78.4479154, 17.4603339], [78.4476243, 17.4605181], [78.4473583, 17.4606487], [78.4471149, 17.4607383], [78.4468701, 17.4608176], [78.4465917, 17.4608862], [78.446311, 17.4609422], [78.4460699, 17.4609756], [78.4455216, 17.4609987], [78.4446587, 17.4610684], [78.4429971, 17.4611853]]}}, {"type": "Feature", "properties": {"edge_id": "OSM-E0052", "length_km": 0.508, "usage": "main", "service": null, "gauge": "1676", "electrified": "contact_line", "voltage": "25000", "railway": "rail", "operator": null, "network": null, "u": "GN-0055", "v": "GN-0046"}, "geometry": {"type": "LineString", "coordinates": [[78.467035, 17.4369494], [78.4667749, 17.4368075], [78.4665257, 17.4366504], [78.4664858, 17.4366252], [78.4662069, 17.4364939], [78.4660278, 17.4364285], [78.4658109, 17.436365], [78.4656081, 17.4363249], [78.4653798, 17.4362933], [78.4651159, 17.4362762], [78.4648219, 17.4362933], [78.4645982, 17.4363236], [78.4643814, 17.4363687], [78.4642012, 17.4364221], [78.4640375, 17.43648], [78.4638727, 17.4365526], [78.4637216, 17.4366271], [78.4635575, 17.4367177], [78.4631725, 17.4369355], [78.4626468, 17.4372466]]}}, {"type": "Feature", "properties": {"edge_id": "OSM-E0054", "length_km": 3.226, "usage": "main", "service": null, "gauge": "1676", "electrified": "contact_line", "voltage": "25000", "railway": "rail", "operator": null, "network": null, "u": "GN-0067", "v": "GN-0068"}, "geometry": {"type": "LineString", "coordinates": [[78.6440665, 17.4543812], [78.6484775, 17.4548799], [78.6494705, 17.4549936], [78.6503296, 17.4550795], [78.6506804, 17.4550977], [78.6511934, 17.4550811], [78.6517003, 17.4550399], [78.6523262, 17.4549792], [78.6693413, 17.4530401], [78.6698315, 17.4529855], [78.6702499, 17.4529446], [78.6706737, 17.4529175], [78.6712155, 17.4529049], [78.6716866, 17.4529066], [78.6724396, 17.4529315], [78.6741996, 17.4529728], [78.6743042, 17.4529752]]}}, {"type": "Feature", "properties": {"edge_id": "OSM-E0055", "length_km": 0.026, "usage": "main", "service": null, "gauge": "1676", "electrified": "contact_line", "voltage": "25000", "railway": "rail", "operator": null, "network": null, "u": "GN-0067", "v": "GN-0069"}, "geometry": {"type": "LineString", "coordinates": [[78.6440597, 17.4543279], [78.6438207, 17.4542995]]}}, {"type": "Feature", "properties": {"edge_id": "OSM-E0056", "length_km": 0.075, "usage": "main", "service": null, "gauge": "1676", "electrified": "contact_line", "voltage": "25000", "railway": "rail", "operator": null, "network": null, "u": "GN-0068", "v": "GN-0070"}, "geometry": {"type": "LineString", "coordinates": [[78.6743042, 17.4529752], [78.6750118, 17.4529835]]}}, {"type": "Feature", "properties": {"edge_id": "OSM-E0057", "length_km": 0.029, "usage": "main", "service": null, "gauge": "1676", "electrified": "contact_line", "voltage": "25000", "railway": "rail", "operator": null, "network": null, "u": "GN-0069", "v": "GN-0067"}, "geometry": {"type": "LineString", "coordinates": [[78.6437958, 17.4543468], [78.6440665, 17.4543812]]}}, {"type": "Feature", "properties": {"edge_id": "OSM-E0058", "length_km": 0.078, "usage": "main", "service": null, "gauge": "1676", "electrified": "contact_line", "voltage": "25000", "railway": "rail", "operator": null, "network": null, "u": "GN-0070", "v": "GN-0068"}, "geometry": {"type": "LineString", "coordinates": [[78.6750396, 17.4529111], [78.6743032, 17.4528909]]}}, {"type": "Feature", "properties": {"edge_id": "OSM-E0059", "length_km": 3.227, "usage": "main", "service": null, "gauge": "1676", "electrified": "contact_line", "voltage": "25000", "railway": "rail", "operator": null, "network": null, "u": "GN-0068", "v": "GN-0067"}, "geometry": {"type": "LineString", "coordinates": [[78.6743032, 17.4528909], [78.6729227, 17.4528655], [78.6716977, 17.4528387], [78.6712195, 17.4528371], [78.6706724, 17.4528598], [78.6702358, 17.4528914], [78.6698201, 17.4529316], [78.6693191, 17.4529834], [78.6523287, 17.4549352], [78.6517104, 17.4549982], [78.651195, 17.4550346], [78.6506747, 17.4550491], [78.6503356, 17.455031], [78.6495008, 17.4549586], [78.6478692, 17.4547663], [78.6459862, 17.4545514], [78.6440597, 17.4543279]]}}, {"type": "Feature", "properties": {"edge_id": "OSM-E0060", "length_km": 12.676, "usage": "main", "service": null, "gauge": "1676", "electrified": "contact_line", "voltage": "25000", "railway": "rail", "operator": null, "network": null, "u": "GN-0071", "v": "GN-0070"}, "geometry": {"type": "LineString", "coordinates": [[78.7889845, 17.4702963], [78.7819851, 17.4697727], [78.7656921, 17.4685881], [78.7651065, 17.4685399], [78.7646396, 17.468487], [78.7638193, 17.4683233], [78.7630822, 17.4681258], [78.7624248, 17.4679023], [78.7615097, 17.4675913], [78.7591901, 17.4667944], [78.7567821, 17.4659709], [78.7544524, 17.4651764], [78.7523246, 17.46443], [78.7498889, 17.4636041], [78.7473976, 17.462747], [78.7451436, 17.4619717], [78.7442198, 17.4616274], [78.7434726, 17.4612975], [78.743041, 17.4610351], [78.7426927, 17.4608256], [78.7422863, 17.4605222], [78.7413171, 17.459718], [78.7401996, 17.4587687], [78.7395427, 17.4582107], [78.7376521, 17.4566216], [78.7357666, 17.4550131], [78.7344415, 17.453879], [78.7337474, 17.4534119], [78.7332981, 17.4531567], [78.7328084, 17.45294], [78.7323162, 17.4527907], [78.7316801, 17.4526366], [78.7311829, 17.4525764], [78.7296407, 17.452468], [78.7280328, 17.4523789], [78.7275785, 17.4523741], [78.7271519, 17.4523934], [78.7268162, 17.4524415], [78.7256123, 17.452716], [78.7232245, 17.4534288], [78.7207509, 17.4541415], [78.7182975, 17.4548711], [78.7158087, 17.4555693], [78.7144104, 17.4559835], [78.7139762, 17.4560822], [78.7134411, 17.4561737], [78.7128429, 17.4562146], [78.7124719, 17.456205], [78.7120226, 17.4561713], [78.7116793, 17.4561159], [78.710488, 17.4558246], [78.7080169, 17.4551937], [78.7045247, 17.4542992], [78.7024365, 17.453751], [78.7019356, 17.4536447], [78.7014429, 17.4535556], [78.7009337, 17.4534888], [78.7005579, 17.4534805], [78.7000092, 17.4534684], [78.6984314, 17.4534377], [78.6950831, 17.4533628], [78.6926416, 17.4533151], [78.6898716, 17.4532572], [78.6871944, 17.4531993], [78.6851024, 17.4531117], [78.6849139, 17.4530988], [78.6835473, 17.4530733], [78.6807227, 17.4530155], [78.6750912, 17.4529119], [78.6750396, 17.4529111]]}}, {"type": "Feature", "properties": {"edge_id": "OSM-E0061", "length_km": 12.729, "usage": "main", "service": null, "gauge": "1676", "electrified": "contact_line", "voltage": "25000", "railway": "rail", "operator": null, "network": null, "u": "GN-0070", "v": "GN-0072"}, "geometry": {"type": "LineString", "coordinates": [[78.6750118, 17.4529835], [78.6751708, 17.452988], [78.6783325, 17.4530571], [78.6835047, 17.4531487], [78.6837865, 17.453167], [78.6838195, 17.4531676], [78.6851291, 17.4531917], [78.6869317, 17.4532483], [78.6955271, 17.4534192], [78.6972744, 17.4534547], [78.7005589, 17.4535305], [78.7010319, 17.4535556], [78.7015923, 17.4536247], [78.7019761, 17.4537055], [78.7028683, 17.4539103], [78.7061297, 17.4547641], [78.7106146, 17.4559046], [78.7116447, 17.4561607], [78.7120101, 17.4562159], [78.7124573, 17.4562604], [78.7129282, 17.4562606], [78.7134584, 17.4562151], [78.7138997, 17.4561437], [78.7143948, 17.4560349], [78.720188, 17.4543496], [78.7260851, 17.4526356], [78.7271237, 17.4524423], [78.7276566, 17.4524184], [78.7285146, 17.45244], [78.7298008, 17.4525363], [78.7311619, 17.4526246], [78.7316391, 17.4526766], [78.7321467, 17.4527822], [78.732497, 17.4528913], [78.7329137, 17.4530444], [78.7334448, 17.4532885], [78.7336959, 17.4534313], [78.734039, 17.4536651], [78.7346851, 17.4541579], [78.7383218, 17.4572469], [78.7401504, 17.4587963], [78.7420303, 17.4603892], [78.7428452, 17.4609859], [78.7434429, 17.4613206], [78.7438636, 17.46153], [78.7446625, 17.4618496], [78.7477671, 17.4629251], [78.754323, 17.4651759], [78.7608876, 17.4674167], [78.7624192, 17.4679387], [78.7630813, 17.4681644], [78.7636217, 17.4683178], [78.7642334, 17.4684663], [78.7647691, 17.4685499], [78.76545, 17.4686087], [78.781975, 17.4698314], [78.7894538, 17.4703811]]}}, {"type": "Feature", "properties": {"edge_id": "OSM-E0062", "length_km": 0.415, "usage": "main", "service": null, "gauge": "1676", "electrified": "contact_line", "voltage": "25000", "railway": "rail", "operator": null, "network": null, "u": "GN-0073", "v": "GN-0041"}, "geometry": {"type": "LineString", "coordinates": [[78.538739, 17.4531398], [78.5360835, 17.4543772], [78.535226, 17.4547852]]}}, {"type": "Feature", "properties": {"edge_id": "OSM-E0063", "length_km": 0.014, "usage": "main", "service": null, "gauge": "1676", "electrified": null, "voltage": null, "railway": "rail", "operator": null, "network": null, "u": "GN-0074", "v": "GN-0073"}, "geometry": {"type": "LineString", "coordinates": [[78.5388572, 17.4530834], [78.538739, 17.4531398]]}}, {"type": "Feature", "properties": {"edge_id": "OSM-E0064", "length_km": 3.759, "usage": "main", "service": null, "gauge": "1676", "electrified": "contact_line", "voltage": "25000", "railway": "rail", "operator": null, "network": null, "u": "GN-0075", "v": "GN-0076"}, "geometry": {"type": "LineString", "coordinates": [[78.544276, 17.4524307], [78.5444192, 17.4522572], [78.5445523, 17.4520901], [78.5447548, 17.4518257], [78.5450015, 17.4514738], [78.5469278, 17.4485752], [78.5473168, 17.4479895], [78.5474464, 17.447798], [78.5482275, 17.4466149], [78.5484727, 17.4463056], [78.5486769, 17.4460896], [78.5488855, 17.4459202], [78.5490675, 17.4457783], [78.5493672, 17.4455772], [78.5496935, 17.4454014], [78.5499111, 17.4453017], [78.550272, 17.4451633], [78.5505658, 17.4450753], [78.5508679, 17.4450089], [78.5511598, 17.4449752], [78.5514486, 17.4449525], [78.5517165, 17.4449468], [78.5520026, 17.4449651], [78.5522528, 17.4449944], [78.5524969, 17.4450346], [78.552791, 17.4451049], [78.5530239, 17.4451799], [78.553215, 17.4452575], [78.5536268, 17.445448], [78.553907, 17.4456138], [78.5582893, 17.4480124], [78.5605933, 17.4492699], [78.5627286, 17.4504363], [78.5629934, 17.4505708], [78.5632657, 17.4506804], [78.5635473, 17.4507585], [78.5638589, 17.4508204], [78.5641919, 17.4508607], [78.5645241, 17.4508778], [78.5648526, 17.4508789], [78.5652009, 17.450867], [78.566938, 17.4507632], [78.5673129, 17.4507367], [78.5676054, 17.4507073], [78.5679046, 17.4506601], [78.5681811, 17.4506008], [78.5684335, 17.4505387], [78.5687639, 17.4504351], [78.5691028, 17.4503064], [78.5693546, 17.4501974], [78.5696925, 17.4500287], [78.5705228, 17.4495935], [78.571371, 17.4491483], [78.5715459, 17.449058], [78.5719163, 17.4488645], [78.5734603, 17.4480643], [78.5735804, 17.4479981]]}}, {"type": "Feature", "properties": {"edge_id": "OSM-E0065", "length_km": 2.09, "usage": "main", "service": null, "gauge": "1676", "electrified": "contact_line", "voltage": "25000", "railway": "rail", "operator": null, "network": null, "u": "GN-0077", "v": "GN-0078"}, "geometry": {"type": "LineString", "coordinates": [[78.5404347, 17.4644665], [78.540518, 17.4654503], [78.5405888, 17.4663035], [78.5406344, 17.4669907], [78.5407555, 17.4690298], [78.5408673, 17.4704142], [78.5409025, 17.4708513], [78.5409035, 17.4711344], [78.5408698, 17.4714879], [78.5408121, 17.4719067], [78.5407541, 17.4721737], [78.5406773, 17.4724525], [78.5405868, 17.4727076], [78.5404559, 17.4730275], [78.540265, 17.4734061], [78.5400932, 17.4736889], [78.5398526, 17.4740351], [78.5392219, 17.474868], [78.5376706, 17.4769116], [78.5372673, 17.4774492], [78.5369973, 17.4777592], [78.5368207, 17.4779378], [78.5366517, 17.4780888], [78.5364276, 17.4782652], [78.5361797, 17.4784367], [78.5359256, 17.4785877], [78.5356781, 17.4787104], [78.535409, 17.4788339], [78.5349613, 17.4789591], [78.534597, 17.4790488], [78.532855, 17.479434]]}}, {"type": "Feature", "properties": {"edge_id": "OSM-E0066", "length_km": 0.054, "usage": "main", "service": null, "gauge": "1676", "electrified": "contact_line", "voltage": "25000", "railway": "rail", "operator": null, "network": null, "u": "GN-0078", "v": "GN-0039"}, "geometry": {"type": "LineString", "coordinates": [[78.532855, 17.479434], [78.5323651, 17.4795536]]}}, {"type": "Feature", "properties": {"edge_id": "OSM-E0067", "length_km": 0.027, "usage": "main", "service": null, "gauge": "1676", "electrified": "contact_line", "voltage": "25000", "railway": "rail", "operator": null, "network": null, "u": "GN-0079", "v": "GN-0077"}, "geometry": {"type": "LineString", "coordinates": [[78.5404187, 17.4642218], [78.5404347, 17.4644665]]}}, {"type": "Feature", "properties": {"edge_id": "OSM-E0068", "length_km": 1.129, "usage": "main", "service": null, "gauge": "1676", "electrified": "contact_line", "voltage": "25000", "railway": "rail", "operator": null, "network": null, "u": "GN-0080", "v": "GN-0081"}, "geometry": {"type": "LineString", "coordinates": [[78.3413949, 17.4877015], [78.3412469, 17.4878232], [78.3410903, 17.4879461], [78.3409279, 17.488062], [78.3407601, 17.4881705], [78.3405872, 17.4882715], [78.3404096, 17.4883648], [78.3402279, 17.4884501], [78.3400423, 17.4885273], [78.3398532, 17.4885962], [78.3396609, 17.4886566], [78.3395022, 17.4886983], [78.339342, 17.4887342], [78.3391805, 17.4887643], [78.3389897, 17.488792], [78.3387978, 17.4888117], [78.3386052, 17.4888231], [78.3383974, 17.4888238], [78.3381898, 17.4888152], [78.3379979, 17.4887992], [78.3378069, 17.4887753], [78.3376219, 17.4887446], [78.337438, 17.4887079], [78.337255, 17.4886652], [78.3370735, 17.4886165], [78.3367787, 17.4885349], [78.3333924, 17.4875176], [78.3315044, 17.4869671], [78.3313377, 17.4869241]]}}, {"type": "Feature", "properties": {"edge_id": "OSM-E0069", "length_km": 1.003, "usage": "main", "service": null, "gauge": "1676", "electrified": "contact_line", "voltage": "25000", "railway": "rail", "operator": null, "network": null, "u": "GN-0082", "v": "GN-0026"}, "geometry": {"type": "LineString", "coordinates": [[78.4517162, 17.447575], [78.4517872, 17.4472928], [78.4518666, 17.4469928], [78.4519412, 17.4467104], [78.4521099, 17.4463091], [78.4523207, 17.445761], [78.4525138, 17.4453349], [78.4528382, 17.4445612], [78.4533, 17.443519], [78.4536971, 17.4425471], [78.454023, 17.4418239], [78.4543876, 17.441144], [78.4546877, 17.4407297], [78.4550047, 17.4403643], [78.4552926, 17.4400728], [78.4558661, 17.4396162]]}}, {"type": "Feature", "properties": {"edge_id": "OSM-E0070", "length_km": 0.022, "usage": "main", "service": null, "gauge": "1676", "electrified": "contact_line", "voltage": "25000", "railway": "rail", "operator": null, "network": null, "u": "GN-0082", "v": "GN-0061"}, "geometry": {"type": "LineString", "coordinates": [[78.4516565, 17.4475643], [78.4516142, 17.4477615]]}}, {"type": "Feature", "properties": {"edge_id": "OSM-E0071", "length_km": 0.023, "usage": "main", "service": null, "gauge": "1676", "electrified": "contact_line", "voltage": "25000", "railway": "rail", "operator": null, "network": null, "u": "GN-0061", "v": "GN-0082"}, "geometry": {"type": "LineString", "coordinates": [[78.4516682, 17.4477762], [78.4517162, 17.447575]]}}, {"type": "Feature", "properties": {"edge_id": "OSM-E0072", "length_km": 1.009, "usage": "main", "service": null, "gauge": "1676", "electrified": "contact_line", "voltage": "25000", "railway": "rail", "operator": null, "network": null, "u": "GN-0026", "v": "GN-0082"}, "geometry": {"type": "LineString", "coordinates": [[78.4558473, 17.4395681], [78.4555772, 17.4397829], [78.4552762, 17.4400237], [78.4549733, 17.4403367], [78.4547463, 17.4405779], [78.4544701, 17.4409396], [78.4543741, 17.4410968], [78.4542004, 17.4413715], [78.4539504, 17.44185], [78.4536408, 17.4425707], [78.4532624, 17.4434681], [78.4524354, 17.445358], [78.4522785, 17.4457469], [78.451945, 17.4465735], [78.4516565, 17.4475643]]}}, {"type": "Feature", "properties": {"edge_id": "OSM-E0073", "length_km": 0.028, "usage": "main", "service": null, "gauge": "1676", "electrified": "contact_line", "voltage": "25000", "railway": "rail", "operator": null, "network": null, "u": "GN-0063", "v": "GN-0062"}, "geometry": {"type": "LineString", "coordinates": [[78.4853164, 17.4333555], [78.4850665, 17.433432]]}}, {"type": "Feature", "properties": {"edge_id": "OSM-E0074", "length_km": 0.028, "usage": "main", "service": null, "gauge": "1676", "electrified": "contact_line", "voltage": "25000", "railway": "rail", "operator": null, "network": null, "u": "GN-0062", "v": "GN-0063"}, "geometry": {"type": "LineString", "coordinates": [[78.4850782, 17.4334648], [78.4853277, 17.4333872]]}}, {"type": "Feature", "properties": {"edge_id": "OSM-E0075", "length_km": 0.334, "usage": "main", "service": null, "gauge": "1676", "electrified": "contact_line", "voltage": "25000", "railway": "rail", "operator": null, "network": null, "u": "GN-0063", "v": "GN-0042"}, "geometry": {"type": "LineString", "coordinates": [[78.4853277, 17.4333872], [78.4868351, 17.4329159], [78.4883271, 17.4324643]]}}, {"type": "Feature", "properties": {"edge_id": "OSM-E0076", "length_km": 0.559, "usage": "main", "service": null, "gauge": "1676", "electrified": "contact_line", "voltage": "25000", "railway": "rail", "operator": null, "network": null, "u": "GN-0062", "v": "GN-0058"}, "geometry": {"type": "LineString", "coordinates": [[78.4850665, 17.433432], [78.48346, 17.4338909], [78.4819725, 17.4343586], [78.4805526, 17.4347964], [78.4800405, 17.4349527]]}}, {"type": "Feature", "properties": {"edge_id": "OSM-E0077", "length_km": 0.364, "usage": "main", "service": null, "gauge": "1676", "electrified": "contact_line", "voltage": "25000", "railway": "rail", "operator": null, "network": null, "u": "GN-0083", "v": "GN-0084"}, "geometry": {"type": "LineString", "coordinates": [[78.3146072, 17.4818541], [78.3143005, 17.4817416], [78.3140082, 17.4816468], [78.3135568, 17.4815138], [78.3132181, 17.4814246], [78.3129069, 17.4813509], [78.3126253, 17.4812953], [78.3122605, 17.4812267], [78.3116824, 17.4811493], [78.3112779, 17.4811134]]}}, {"type": "Feature", "properties": {"edge_id": "OSM-E0078", "length_km": 0.031, "usage": "main", "service": null, "gauge": "1676", "electrified": "contact_line", "voltage": "25000", "railway": "rail", "operator": null, "network": null, "u": "GN-0032", "v": "GN-0059"}, "geometry": {"type": "LineString", "coordinates": [[78.4471772, 17.4621309], [78.446953, 17.4619578]]}}, {"type": "Feature", "properties": {"edge_id": "OSM-E0079", "length_km": 0.732, "usage": "main", "service": null, "gauge": "1676", "electrified": "contact_line", "voltage": "25000", "railway": "rail", "operator": null, "network": null, "u": "GN-0085", "v": "GN-0086"}, "geometry": {"type": "LineString", "coordinates": [[78.4981628, 17.4321614], [78.4984795, 17.432242], [78.4989689, 17.432434], [78.4990455, 17.4324617], [78.4992571, 17.4325202], [78.4994113, 17.4325601], [78.4995677, 17.4326062], [78.499872, 17.432691], [78.4999315, 17.432706], [78.5003729, 17.4328181], [78.500833, 17.4329323], [78.5010249, 17.4329759], [78.5010818, 17.4329897], [78.5012951, 17.4330434], [78.5015144, 17.4330979], [78.5019519, 17.4332101], [78.5023957, 17.433314], [78.5028635, 17.4334369], [78.5029016, 17.4334458], [78.5029688, 17.4334632], [78.5031032, 17.4334995], [78.5033716, 17.4335659], [78.5037526, 17.4336747], [78.5039059, 17.4337186], [78.5040807, 17.4337665], [78.5043849, 17.433855], [78.5047914, 17.4339687]]}}, {"type": "Feature", "properties": {"edge_id": "OSM-E0080", "length_km": 0.858, "usage": "main", "service": null, "gauge": "1676", "electrified": "contact_line", "voltage": "25000", "railway": "rail", "operator": null, "network": null, "u": "GN-0087", "v": "GN-0088"}, "geometry": {"type": "LineString", "coordinates": [[78.498403, 17.4323817], [78.4989245, 17.4325988], [78.498959, 17.432611], [78.4989827, 17.432621], [78.4991052, 17.4326702], [78.4992264, 17.4327253], [78.4994734, 17.432819], [78.4997216, 17.4329062], [78.4999897, 17.4329974], [78.5002828, 17.4330802], [78.5015179, 17.4333974], [78.502137, 17.4335546], [78.5030113, 17.4337836], [78.5032695, 17.4338421], [78.5035918, 17.4339032], [78.5037965, 17.433931], [78.5041733, 17.433973], [78.5045481, 17.4340233], [78.5048973, 17.4340842], [78.5054019, 17.4341825], [78.5056279, 17.4342285], [78.5058263, 17.434273], [78.5061935, 17.4343613]]}}, {"type": "Feature", "properties": {"edge_id": "OSM-E0081", "length_km": 0.037, "usage": "main", "service": null, "gauge": "1676", "electrified": "contact_line", "voltage": "25000", "railway": "rail", "operator": null, "network": null, "u": "GN-0006", "v": "GN-0005"}, "geometry": {"type": "LineString", "coordinates": [[78.5105544, 17.4339448], [78.5108926, 17.4338528]]}}, {"type": "Feature", "properties": {"edge_id": "OSM-E0082", "length_km": 0.079, "usage": null, "service": null, "gauge": "1676", "electrified": "contact_line", "voltage": "25000", "railway": "rail", "operator": null, "network": null, "u": "GN-0089", "v": "GN-0090"}, "geometry": {"type": "LineString", "coordinates": [[78.4986428, 17.4324251], [78.4985857, 17.4324047], [78.4982323, 17.4322784], [78.4979442, 17.4321872]]}}, {"type": "Feature", "properties": {"edge_id": "OSM-E0083", "length_km": 6.544, "usage": "main", "service": null, "gauge": "1676", "electrified": "contact_line", "voltage": "25000", "railway": "rail", "operator": null, "network": null, "u": "GN-0091", "v": "GN-0092"}, "geometry": {"type": "LineString", "coordinates": [[78.5212036, 17.4394707], [78.5229555, 17.4399983], [78.5233635, 17.4401395], [78.5236654, 17.4402591], [78.5240009, 17.4404258], [78.5248854, 17.440948], [78.5250855, 17.4410825], [78.5254005, 17.4413103], [78.5256472, 17.4415073], [78.5258491, 17.4416775], [78.5260683, 17.441879], [78.5262943, 17.4421055], [78.5266992, 17.4425176], [78.5269548, 17.4428258], [78.5271215, 17.4430492], [78.5273176, 17.4433245], [78.5275248, 17.4436304], [78.527695, 17.4439135], [78.5278413, 17.4441869], [78.5280805, 17.4446799], [78.5282368, 17.4450755], [78.5283476, 17.4453802], [78.5283641, 17.4454342], [78.5292824, 17.4484983], [78.5298644, 17.4504403], [78.530314, 17.4519469], [78.530342, 17.4520407], [78.5307726, 17.4534435], [78.5311203, 17.4546363], [78.5315427, 17.4560535], [78.5319815, 17.4575117], [78.5324599, 17.4591275], [78.5326896, 17.459946], [78.5327725, 17.4603233], [78.53283, 17.4607097], [78.5328714, 17.4611996], [78.5328867, 17.4618031], [78.532881, 17.4621884], [78.53287, 17.462328], [78.5328587, 17.4624775], [78.5328363, 17.4627939], [78.5327917, 17.4630982], [78.532747, 17.4633873], [78.5326612, 17.4637689], [78.5325872, 17.4640662], [78.5317003, 17.4670909], [78.5307815, 17.4702282], [78.5295969, 17.4742338], [78.5289391, 17.4764692], [78.5275299, 17.4813149], [78.5273469, 17.4819262], [78.5272057, 17.4825231], [78.5271099, 17.4831306], [78.5270624, 17.4838261], [78.5270551, 17.4851844], [78.5270378, 17.486028], [78.5270323, 17.4862019], [78.5270219, 17.4864483], [78.5269758, 17.4868631], [78.5268753, 17.487342], [78.5267275, 17.4877305], [78.5265137, 17.4881756], [78.5262848, 17.4885356], [78.5260088, 17.4888631], [78.5257062, 17.4891525], [78.5253197, 17.4894597], [78.5249445, 17.4896891], [78.5242207, 17.4900648], [78.5236612, 17.4903162], [78.5228741, 17.4906798], [78.5224815, 17.4908697], [78.5221038, 17.4910574]]}}, {"type": "Feature", "properties": {"edge_id": "OSM-E0084", "length_km": 4.726, "usage": "main", "service": null, "gauge": "1676", "electrified": "contact_line", "voltage": "25000", "railway": "rail", "operator": null, "network": null, "u": "GN-0093", "v": "GN-0005"}, "geometry": {"type": "LineString", "coordinates": [[78.5091303, 17.3997897], [78.5092149, 17.3998805], [78.5111109, 17.4019659], [78.5118991, 17.4028328], [78.5134843, 17.4045891], [78.5143966, 17.4055935], [78.5152706, 17.4065613], [78.5156693, 17.4069966], [78.5163615, 17.4077636], [78.5170153, 17.4084849], [78.5172641, 17.4088258], [78.5174779, 17.4091606], [78.517745, 17.4097213], [78.5178169, 17.4098861], [78.5178806, 17.4100578], [78.5179627, 17.4103167], [78.5180348, 17.410608], [78.5182729, 17.411607], [78.5186064, 17.4129989], [78.518951, 17.4143848], [78.5191142, 17.415059], [78.5196184, 17.4171087], [78.5200045, 17.4187345], [78.5203072, 17.419995], [78.5207875, 17.4220134], [78.5211347, 17.4234924], [78.5211796, 17.4237783], [78.5212052, 17.423963], [78.5212225, 17.4241816], [78.5212273, 17.424496], [78.5212155, 17.4247701], [78.5211846, 17.4250917], [78.5211301, 17.4254211], [78.5210329, 17.4258317], [78.5209308, 17.4261455], [78.5208564, 17.4263388], [78.5206716, 17.4267536], [78.5205427, 17.4269957], [78.5204203, 17.427185], [78.5203242, 17.4273362], [78.5202157, 17.427492], [78.5200586, 17.4276982], [78.5199033, 17.427882], [78.5198047, 17.4279884], [78.5195973, 17.4282035], [78.5194924, 17.4283081], [78.5174046, 17.4303139], [78.5170355, 17.4306706], [78.517011, 17.4306942], [78.5158216, 17.4318463], [78.5154158, 17.4321754], [78.515042, 17.4324238], [78.5147403, 17.4326034], [78.5143218, 17.4328046], [78.5139861, 17.4329185], [78.5134079, 17.4330959], [78.5126724, 17.4333087], [78.5108641, 17.4338184]]}}, {"type": "Feature", "properties": {"edge_id": "OSM-E0085", "length_km": 0.42, "usage": "main", "service": null, "gauge": "1676", "electrified": "contact_line", "voltage": "25000", "railway": "rail", "operator": null, "network": null, "u": "GN-0010", "v": "GN-0094"}, "geometry": {"type": "LineString", "coordinates": [[78.5119051, 17.4355723], [78.5115103, 17.4354696], [78.5087245, 17.4347835], [78.5080767, 17.4346268]]}}, {"type": "Feature", "properties": {"edge_id": "OSM-E0086", "length_km": 0.361, "usage": "main", "service": null, "gauge": "1676", "electrified": "contact_line", "voltage": "25000", "railway": "rail", "operator": null, "network": null, "u": "GN-0095", "v": "GN-0096"}, "geometry": {"type": "LineString", "coordinates": [[78.502945, 17.4330215], [78.5037788, 17.4332248], [78.5041916, 17.4333322], [78.5044688, 17.4334131], [78.5047401, 17.4335165], [78.5050387, 17.4336385], [78.5052265, 17.4337304], [78.5057725, 17.4340022], [78.5061199, 17.4341478]]}}, {"type": "Feature", "properties": {"edge_id": "OSM-E0087", "length_km": 8.625, "usage": "main", "service": null, "gauge": "1676", "electrified": "contact_line", "voltage": "25000", "railway": "rail", "operator": null, "network": null, "u": "GN-0097", "v": "GN-0066"}, "geometry": {"type": "LineString", "coordinates": [[78.5155658, 17.5412768], [78.5155023, 17.5414057], [78.5153766, 17.5416397], [78.5152422, 17.5418689], [78.5150838, 17.5421182], [78.5149581, 17.5423002], [78.5147215, 17.5425895], [78.5144771, 17.5428835], [78.5141064, 17.5432849], [78.5138777, 17.5435101], [78.513602, 17.5437569], [78.5132402, 17.5440464], [78.5129142, 17.5442836], [78.5125208, 17.5445385], [78.5091356, 17.5464808], [78.500725, 17.551308], [78.4973644, 17.5532133], [78.4967201, 17.5535944], [78.4963265, 17.553839], [78.4959491, 17.5541063], [78.4955891, 17.5543927], [78.4952598, 17.5546862], [78.4949385, 17.5550009], [78.4946399, 17.5553312], [78.4943887, 17.5556417], [78.4942087, 17.5558832], [78.4940131, 17.5561709], [78.4938498, 17.5564341], [78.493736, 17.556617], [78.49365, 17.5567922], [78.4935022, 17.5570851], [78.4933397, 17.5574198], [78.4908555, 17.5626201], [78.4904256, 17.563526], [78.4900416, 17.5643413], [78.489792, 17.564814], [78.4896527, 17.5651346], [78.4891117, 17.5663015], [78.488003, 17.568643], [78.4875463, 17.5696047], [78.4870592, 17.5706283], [78.4866201, 17.5715551], [78.486253, 17.5723329], [78.485886, 17.573092], [78.4838818, 17.5774317], [78.481833, 17.581597], [78.4783823, 17.5889944], [78.478081, 17.589561], [78.474242, 17.597722], [78.4715778, 17.6034394]]}}, {"type": "Feature", "properties": {"edge_id": "OSM-E0088", "length_km": 0.062, "usage": "main", "service": null, "gauge": null, "electrified": null, "voltage": null, "railway": "rail", "operator": null, "network": null, "u": "GN-0098", "v": "GN-0048"}, "geometry": {"type": "LineString", "coordinates": [[78.4618363, 17.4289399], [78.4617728, 17.4286681], [78.4617361, 17.4283954]]}}, {"type": "Feature", "properties": {"edge_id": "OSM-E0089", "length_km": 1.947, "usage": "main", "service": null, "gauge": "1676", "electrified": "contact_line", "voltage": "25000", "railway": "rail", "operator": null, "network": null, "u": "GN-0099", "v": "GN-0100"}, "geometry": {"type": "LineString", "coordinates": [[78.4665283, 17.3999601], [78.4661558, 17.400402], [78.4636048, 17.403451], [78.4634147, 17.4036727], [78.4631382, 17.4040446], [78.4629653, 17.4043103], [78.4626985, 17.4047517], [78.462468, 17.405188], [78.4622837, 17.4056094], [78.4621301, 17.4059996], [78.4620302, 17.4062928], [78.4618497, 17.4069634], [78.4617729, 17.4073774], [78.4617252, 17.4077067], [78.4613525, 17.4110234], [78.4612341, 17.4120138], [78.4610233, 17.4138814], [78.4609816, 17.4143528], [78.4609643, 17.4147491], [78.4609772, 17.4151637], [78.461051, 17.4157264], [78.4611263, 17.4160188]]}}, {"type": "Feature", "properties": {"edge_id": "OSM-E0090", "length_km": 3.758, "usage": "main", "service": null, "gauge": "1676", "electrified": "contact_line", "voltage": "25000", "railway": "rail", "operator": null, "network": null, "u": "GN-0101", "v": "GN-0097"}, "geometry": {"type": "LineString", "coordinates": [[78.4904704, 17.5635459], [78.4905299, 17.5634206], [78.4909002, 17.5626402], [78.4933823, 17.557464], [78.4935532, 17.557108], [78.4937042, 17.5568141], [78.4938991, 17.5564595], [78.4940629, 17.5562004], [78.494255, 17.5559119], [78.494439, 17.5556698], [78.4946852, 17.555365], [78.4949821, 17.5550398], [78.4952992, 17.5547232], [78.4956271, 17.5544294], [78.4959784, 17.5541503], [78.4963574, 17.5538845], [78.496748, 17.553641], [78.4973936, 17.5532613], [78.5121833, 17.5447979], [78.5125498, 17.5445824], [78.5129426, 17.5443283], [78.5132754, 17.5440874], [78.5136405, 17.5437966], [78.5139162, 17.5435513], [78.514154, 17.5433382], [78.5145171, 17.5429182], [78.5147686, 17.5426215], [78.5150025, 17.5423327], [78.5151291, 17.5421434], [78.5152881, 17.541891], [78.515425, 17.5416595], [78.5155494, 17.5414233], [78.5156124, 17.5412964]]}}, {"type": "Feature", "properties": {"edge_id": "OSM-E0091", "length_km": 0.787, "usage": "branch", "service": null, "gauge": "1676", "electrified": "contact_line", "voltage": "25000", "railway": "rail", "operator": null, "network": null, "u": "GN-0102", "v": "GN-0103"}, "geometry": {"type": "LineString", "coordinates": [[78.3602579, 17.4828047], [78.3608605, 17.48279], [78.3630621, 17.482628], [78.366994, 17.4823241], [78.3676565, 17.4822755]]}}, {"type": "Feature", "properties": {"edge_id": "OSM-E0092", "length_km": 0.93, "usage": "main", "service": null, "gauge": "1676", "electrified": "contact_line", "voltage": "25000", "railway": "rail", "operator": null, "network": null, "u": "GN-0104", "v": "GN-0105"}, "geometry": {"type": "LineString", "coordinates": [[78.368786, 17.4821112], [78.3679368, 17.4821182], [78.367403, 17.4821578], [78.363032, 17.4824995], [78.3608314, 17.4826525], [78.3605205, 17.4826752], [78.3600456, 17.4827063]]}}, {"type": "Feature", "properties": {"edge_id": "OSM-E0093", "length_km": 0.966, "usage": null, "service": null, "gauge": "1676", "electrified": "contact_line", "voltage": "25000", "railway": "rail", "operator": null, "network": null, "u": "GN-0106", "v": "GN-0056"}, "geometry": {"type": "LineString", "coordinates": [[78.3591986, 17.4827404], [78.3600323, 17.4828069], [78.3602579, 17.4828047], [78.3607376, 17.4828337], [78.3609383, 17.4828364], [78.3611822, 17.4828223], [78.363039, 17.4826658], [78.3670778, 17.4823867], [78.3676565, 17.4822755], [78.368268, 17.4821959]]}}, {"type": "Feature", "properties": {"edge_id": "OSM-E0094", "length_km": 0.015, "usage": "main", "service": null, "gauge": "1676", "electrified": "contact_line", "voltage": "25000", "railway": "rail", "operator": null, "network": null, "u": "GN-0107", "v": "GN-0108"}, "geometry": {"type": "LineString", "coordinates": [[78.5181661, 17.4907353], [78.5180248, 17.4907499]]}}, {"type": "Feature", "properties": {"edge_id": "OSM-E0095", "length_km": 1.238, "usage": "main", "service": null, "gauge": "1676", "electrified": "contact_line", "voltage": "25000", "railway": "rail", "operator": null, "network": null, "u": "GN-0038", "v": "GN-0107"}, "geometry": {"type": "LineString", "coordinates": [[78.5269534, 17.4844286], [78.5267094, 17.4847303], [78.526467, 17.4850614], [78.5263018, 17.485286], [78.5261746, 17.4854557], [78.5247806, 17.4873552], [78.5241977, 17.4881528], [78.5239971, 17.4884115], [78.5237624, 17.4886968], [78.523654, 17.4888113], [78.5235639, 17.4889065], [78.5233849, 17.489084], [78.5230972, 17.4893286], [78.5228303, 17.4895256], [78.5225515, 17.4897043], [78.5222617, 17.489871], [78.5219608, 17.4900146], [78.5216542, 17.4901485], [78.5213439, 17.4902609], [78.5209756, 17.4903583], [78.52061, 17.4904427], [78.520195, 17.4905003], [78.5187185, 17.4906679], [78.5181661, 17.4907353]]}}, {"type": "Feature", "properties": {"edge_id": "OSM-E0096", "length_km": 0.083, "usage": "main", "service": null, "gauge": "1676", "electrified": "contact_line", "voltage": "25000", "railway": "rail", "operator": null, "network": null, "u": "GN-0012", "v": "GN-0109"}, "geometry": {"type": "LineString", "coordinates": [[78.5117941, 17.4357191], [78.5110368, 17.4355333]]}}, {"type": "Feature", "properties": {"edge_id": "OSM-E0097", "length_km": 3.301, "usage": "main", "service": null, "gauge": "1676", "electrified": "contact_line", "voltage": "25000", "railway": "rail", "operator": "Indian Railway", "network": null, "u": "GN-0105", "v": "GN-0081"}, "geometry": {"type": "LineString", "coordinates": [[78.3600456, 17.4827063], [78.3580267, 17.4827072], [78.3493888, 17.4826604], [78.3489245, 17.4826723], [78.3487225, 17.4826867], [78.3485209, 17.4827086], [78.3483203, 17.4827379], [78.348121, 17.4827745], [78.3479085, 17.482822], [78.3476982, 17.4828779], [78.3474908, 17.482942], [78.3472849, 17.4830123], [78.3470818, 17.48309], [78.3468818, 17.4831747], [78.3466852, 17.4832665], [78.3464923, 17.4833652], [78.3462989, 17.4834734], [78.3461098, 17.4835884], [78.3459257, 17.4837101], [78.3457695, 17.4838201], [78.3456165, 17.4839342], [78.3454664, 17.4840526], [78.341501, 17.4875354], [78.3413586, 17.487663], [78.3412119, 17.4877836], [78.3410568, 17.4879054], [78.3408964, 17.4880198], [78.3407307, 17.488127], [78.3405599, 17.4882268], [78.3403845, 17.4883189], [78.3402051, 17.4884031], [78.3400218, 17.4884793], [78.339835, 17.4885474], [78.3396452, 17.4886071], [78.3394888, 17.4886481], [78.3393306, 17.4886836], [78.3391712, 17.4887133], [78.3389827, 17.4887407], [78.3387932, 17.4887601], [78.3386034, 17.4887713], [78.3383984, 17.488772], [78.3381933, 17.4887636], [78.3380104, 17.4887498], [78.3378282, 17.4887296], [78.3376469, 17.4887032], [78.3374622, 17.4886695], [78.3372789, 17.4886293], [78.3370973, 17.4885826], [78.3369177, 17.4885295], [78.333406, 17.4874871], [78.331529, 17.4869313], [78.3313451, 17.4868819]]}}, {"type": "Feature", "properties": {"edge_id": "OSM-E0098", "length_km": 2.509, "usage": "main", "service": null, "gauge": "1676", "electrified": "contact_line", "voltage": "25000", "railway": "rail", "operator": null, "network": null, "u": "GN-0110", "v": "GN-0111"}, "geometry": {"type": "LineString", "coordinates": [[78.2927853, 17.4757198], [78.291294, 17.4750746], [78.2901841, 17.4746334], [78.2898099, 17.4744878], [78.2894332, 17.474356], [78.2890241, 17.4742603], [78.2885132, 17.4741674], [78.2880804, 17.474127], [78.2876373, 17.4741229], [78.2872691, 17.4741448], [78.2869305, 17.4741872], [78.286545, 17.4742592], [78.2861101, 17.4743606], [78.2856621, 17.4745031], [78.2849784, 17.4747315], [78.2842733, 17.474979], [78.2837133, 17.4751839], [78.2832251, 17.4753639], [78.2827448, 17.475513], [78.2823129, 17.4756093], [78.2819748, 17.4756694], [78.2815211, 17.4757336], [78.2810816, 17.475765], [78.2806506, 17.4757626], [78.2802516, 17.4757433], [78.2797946, 17.4756913], [78.2795379, 17.4756532], [78.2791326, 17.4755739], [78.269983, 17.473467]]}}, {"type": "Feature", "properties": {"edge_id": "OSM-E0099", "length_km": 2.364, "usage": "main", "service": null, "gauge": "1676", "electrified": "contact_line", "voltage": "25000", "railway": "rail", "operator": null, "network": null, "u": "GN-0111", "v": "GN-0112"}, "geometry": {"type": "LineString", "coordinates": [[78.2699508, 17.473541], [78.2791289, 17.4756257], [78.2794793, 17.4756952], [78.2797899, 17.4757509], [78.280255, 17.4758143], [78.2806586, 17.4758351], [78.2810853, 17.475835], [78.2815284, 17.475798], [78.2819894, 17.4757311], [78.282331, 17.4756608], [78.2827605, 17.4755534], [78.2832385, 17.4754024], [78.2837275, 17.4752208], [78.2842787, 17.4750251], [78.2849868, 17.4747846], [78.2856768, 17.4745437], [78.2861345, 17.4744019], [78.2865545, 17.474297], [78.2869278, 17.4742307], [78.2872801, 17.4741951], [78.2876426, 17.4741699], [78.2880717, 17.4741769], [78.2885015, 17.4742092], [78.2890061, 17.474301], [78.2894088, 17.4743983], [78.2897932, 17.4745336], [78.2901755, 17.4746848], [78.2915043, 17.4752299]]}}, {"type": "Feature", "properties": {"edge_id": "OSM-E0100", "length_km": 0.071, "usage": "main", "service": null, "gauge": "1676", "electrified": "contact_line", "voltage": "25000", "railway": "rail", "operator": null, "network": null, "u": "GN-0094", "v": "GN-0113"}, "geometry": {"type": "LineString", "coordinates": [[78.5080767, 17.4346268], [78.507425, 17.4344807]]}}, {"type": "Feature", "properties": {"edge_id": "OSM-E0101", "length_km": 0.014, "usage": "main", "service": null, "gauge": "1676", "electrified": "contact_line", "voltage": "25000", "railway": "rail", "operator": null, "network": null, "u": "GN-0114", "v": "GN-0115"}, "geometry": {"type": "LineString", "coordinates": [[78.5128471, 17.4913158], [78.5127162, 17.4913274]]}}, {"type": "Feature", "properties": {"edge_id": "OSM-E0102", "length_km": 0.553, "usage": "main", "service": null, "gauge": "1676", "electrified": "contact_line", "voltage": "25000", "railway": "rail", "operator": null, "network": null, "u": "GN-0108", "v": "GN-0114"}, "geometry": {"type": "LineString", "coordinates": [[78.5180248, 17.4907499], [78.5165111, 17.4909061], [78.5128471, 17.4913158]]}}, {"type": "Feature", "properties": {"edge_id": "OSM-E0103", "length_km": 0.093, "usage": null, "service": null, "gauge": null, "electrified": null, "voltage": null, "railway": "rail", "operator": null, "network": null, "u": "GN-0116", "v": "GN-0110"}, "geometry": {"type": "LineString", "coordinates": [[78.291966, 17.4754222], [78.2927853, 17.4757198]]}}, {"type": "Feature", "properties": {"edge_id": "OSM-E0104", "length_km": 0.061, "usage": null, "service": null, "gauge": null, "electrified": null, "voltage": null, "railway": "rail", "operator": null, "network": null, "u": "GN-0117", "v": "GN-0118"}, "geometry": {"type": "LineString", "coordinates": [[78.4302927, 17.4620502], [78.4308638, 17.4620798]]}}, {"type": "Feature", "properties": {"edge_id": "OSM-E0105", "length_km": 0.091, "usage": null, "service": null, "gauge": null, "electrified": null, "voltage": null, "railway": "rail", "operator": null, "network": null, "u": "GN-0119", "v": "GN-0120"}, "geometry": {"type": "LineString", "coordinates": [[78.4306437, 17.4621287], [78.4314973, 17.462024]]}}, {"type": "Feature", "properties": {"edge_id": "OSM-E0106", "length_km": 0.089, "usage": null, "service": null, "gauge": null, "electrified": null, "voltage": null, "railway": "rail", "operator": null, "network": null, "u": "GN-0121", "v": "GN-0122"}, "geometry": {"type": "LineString", "coordinates": [[78.4316118, 17.4620165], [78.4324393, 17.4619054]]}}, {"type": "Feature", "properties": {"edge_id": "OSM-E0107", "length_km": 0.087, "usage": null, "service": null, "gauge": null, "electrified": null, "voltage": null, "railway": "rail", "operator": null, "network": null, "u": "GN-0123", "v": "GN-0124"}, "geometry": {"type": "LineString", "coordinates": [[78.4321095, 17.4619784], [78.4329298, 17.461957]]}}, {"type": "Feature", "properties": {"edge_id": "OSM-E0108", "length_km": 0.09, "usage": null, "service": null, "gauge": null, "electrified": null, "voltage": null, "railway": "rail", "operator": null, "network": null, "u": "GN-0125", "v": "GN-0126"}, "geometry": {"type": "LineString", "coordinates": [[78.4325946, 17.4618925], [78.4334322, 17.4617949]]}}, {"type": "Feature", "properties": {"edge_id": "OSM-E0109", "length_km": 0.09, "usage": null, "service": null, "gauge": null, "electrified": null, "voltage": null, "railway": "rail", "operator": null, "network": null, "u": "GN-0127", "v": "GN-0128"}, "geometry": {"type": "LineString", "coordinates": [[78.4420023, 17.4612095], [78.4428553, 17.4611946]]}}, {"type": "Feature", "properties": {"edge_id": "OSM-E0110", "length_km": 0.06, "usage": null, "service": null, "gauge": null, "electrified": null, "voltage": null, "railway": "rail", "operator": null, "network": null, "u": "GN-0129", "v": "GN-0130"}, "geometry": {"type": "LineString", "coordinates": [[78.4340278, 17.4620002], [78.4345949, 17.4620105]]}}, {"type": "Feature", "properties": {"edge_id": "OSM-E0111", "length_km": 0.061, "usage": null, "service": null, "gauge": null, "electrified": null, "voltage": null, "railway": "rail", "operator": null, "network": null, "u": "GN-0131", "v": "GN-0132"}, "geometry": {"type": "LineString", "coordinates": [[78.4301478, 17.4624459], [78.4295692, 17.4624681]]}}, {"type": "Feature", "properties": {"edge_id": "OSM-E0112", "length_km": 2.448, "usage": "branch", "service": null, "gauge": "1676", "electrified": "contact_line", "voltage": "25000", "railway": "rail", "operator": null, "network": null, "u": "GN-0133", "v": "GN-0134"}, "geometry": {"type": "LineString", "coordinates": [[78.280723, 17.4894068], [78.2810443, 17.4791444], [78.2810636, 17.4788351], [78.281095, 17.4785258], [78.2811318, 17.4783275], [78.2811988, 17.4780639], [78.2812732, 17.4778279], [78.2813467, 17.4776371], [78.2814469, 17.4774098], [78.2815592, 17.477194], [78.281709, 17.4769385], [78.281866, 17.4767212], [78.2820271, 17.4765192], [78.2822059, 17.4763235], [78.2824496, 17.4760888], [78.2826692, 17.4759078], [78.2828904, 17.4757527], [78.2831277, 17.475604], [78.2833731, 17.4754668], [78.2835799, 17.4753653], [78.2838938, 17.4752272], [78.2842049, 17.4751146], [78.2849371, 17.4748665], [78.2857017, 17.4745994], [78.2859796, 17.4745056], [78.2862942, 17.4744159], [78.2865626, 17.4743573], [78.28693, 17.4742857], [78.2872933, 17.4742438], [78.2876539, 17.4742289], [78.2880719, 17.474232], [78.2884911, 17.4742729], [78.2889765, 17.4743573], [78.2894191, 17.4744801], [78.2897705, 17.4746055], [78.2901442, 17.4747401], [78.2906185, 17.4749326]]}}, {"type": "Feature", "properties": {"edge_id": "OSM-E0113", "length_km": 4.736, "usage": "main", "service": null, "gauge": "1676", "electrified": "contact_line", "voltage": "25000", "railway": "rail", "operator": null, "network": null, "u": "GN-0005", "v": "GN-0093"}, "geometry": {"type": "LineString", "coordinates": [[78.5108926, 17.4338528], [78.5136586, 17.4330815], [78.5140189, 17.4329741], [78.5143613, 17.4328417], [78.5147775, 17.432637], [78.5150831, 17.4324571], [78.5154559, 17.432211], [78.5158699, 17.4318802], [78.5160649, 17.4316878], [78.5164276, 17.4313321], [78.5166421, 17.4311131], [78.5170604, 17.430716], [78.5195629, 17.4282976], [78.5197252, 17.4281378], [78.5198369, 17.4280183], [78.5200628, 17.4277604], [78.5202631, 17.4275203], [78.5203806, 17.4273435], [78.5204833, 17.4271887], [78.5206173, 17.4269581], [78.5207382, 17.4267213], [78.5208954, 17.4263691], [78.5209897, 17.4261322], [78.5210841, 17.425829], [78.5211784, 17.4254137], [78.5212331, 17.4250994], [78.5212612, 17.4247694], [78.5212711, 17.4245356], [78.521274, 17.4242062], [78.5212552, 17.4239525], [78.5212313, 17.423776], [78.5211784, 17.4234862], [78.5208351, 17.4220032], [78.5203455, 17.4199851], [78.5200434, 17.4187247], [78.519657, 17.4170999], [78.5194729, 17.4163201], [78.5192764, 17.4155594], [78.5186332, 17.4129209], [78.5183194, 17.411598], [78.518077, 17.4105975], [78.5180005, 17.410308], [78.5179222, 17.4100455], [78.5178562, 17.4098683], [78.5177892, 17.4097048], [78.5176376, 17.4093701], [78.5174771, 17.409079], [78.5172719, 17.4087513], [78.5168716, 17.4082465], [78.5151915, 17.406383], [78.5132739, 17.4042732], [78.511914, 17.4027769], [78.5111472, 17.4019337], [78.5091632, 17.399752]]}}, {"type": "Feature", "properties": {"edge_id": "OSM-E0114", "length_km": 0.14, "usage": "main", "service": null, "gauge": "1676", "electrified": "contact_line", "voltage": "25000", "railway": "rail", "operator": null, "network": null, "u": "GN-0135", "v": "GN-0097"}, "geometry": {"type": "LineString", "coordinates": [[78.516033, 17.5400998], [78.5158864, 17.5405642], [78.515766, 17.5408336], [78.5155658, 17.5412768]]}}, {"type": "Feature", "properties": {"edge_id": "OSM-E0115", "length_km": 4.881, "usage": "main", "service": null, "gauge": "1676", "electrified": "contact_line", "voltage": "25000", "railway": "rail", "operator": null, "network": null, "u": "GN-0015", "v": "GN-0014"}, "geometry": {"type": "LineString", "coordinates": [[78.6216865, 17.4563219], [78.6155975, 17.459668], [78.6151218, 17.4598923], [78.6146736, 17.4600641], [78.6142175, 17.4601963], [78.6137798, 17.4602969], [78.6133772, 17.4603604], [78.6129398, 17.460405], [78.6124915, 17.4604164], [78.6119713, 17.460405], [78.6115727, 17.4603529], [78.6111375, 17.4602727], [78.6107135, 17.4601697], [78.610297, 17.4600425], [78.6097994, 17.4598498], [78.6090545, 17.4595226], [78.6084984, 17.4592759], [78.6079706, 17.4590357], [78.606249, 17.4581707], [78.6040673, 17.4570746], [78.6011456, 17.4555439], [78.6005479, 17.4552307], [78.599919, 17.4549011], [78.5963472, 17.4531277], [78.5896878, 17.449828], [78.589105, 17.4495491], [78.5875426, 17.448738], [78.5861573, 17.4480599], [78.5853606, 17.4476646], [78.5847585, 17.4473741], [78.5835314, 17.4467639], [78.5831049, 17.4465668], [78.582661, 17.4463992], [78.5822882, 17.4462828], [78.5819918, 17.4462048], [78.5816243, 17.4461357], [78.5812609, 17.4460922], [78.5808827, 17.4460704], [78.5805032, 17.4460743], [78.5803145, 17.4460861]]}}, {"type": "Feature", "properties": {"edge_id": "OSM-E0116", "length_km": 4.888, "usage": "main", "service": null, "gauge": "1676", "electrified": "contact_line", "voltage": "25000", "railway": "rail", "operator": null, "network": null, "u": "GN-0014", "v": "GN-0136"}, "geometry": {"type": "LineString", "coordinates": [[78.5803115, 17.4461313], [78.580505, 17.4461192], [78.5808815, 17.4461153], [78.5812565, 17.4461369], [78.5816168, 17.44618], [78.581981, 17.4462485], [78.5822746, 17.4463258], [78.582645, 17.4464415], [78.583086, 17.446608], [78.5835102, 17.446804], [78.584737, 17.4474141], [78.5853392, 17.4477045], [78.5861357, 17.4480998], [78.5875208, 17.4487778], [78.5890829, 17.4495888], [78.5896638, 17.4498721], [78.5963231, 17.4531718], [78.599684, 17.4548308], [78.5999051, 17.4549436], [78.604045, 17.4571148], [78.6062303, 17.4582039], [78.6079556, 17.4590637], [78.6084786, 17.4593119], [78.6090311, 17.4595639], [78.6097755, 17.4598914], [78.6102757, 17.460091], [78.6106941, 17.4602355], [78.6111125, 17.4603417], [78.6115645, 17.46043], [78.6119695, 17.4604914], [78.6125006, 17.460508], [78.6129445, 17.4604965], [78.6134031, 17.4604543], [78.6138028, 17.4603852], [78.6142588, 17.460279], [78.6147027, 17.4601383], [78.6151586, 17.4599528], [78.6156294, 17.4597225], [78.621713, 17.4563726]]}}, {"type": "Feature", "properties": {"edge_id": "OSM-E0117", "length_km": 0.153, "usage": "main", "service": null, "gauge": "1676", "electrified": "contact_line", "voltage": "25000", "railway": "rail", "operator": null, "network": null, "u": "GN-0137", "v": "GN-0010"}, "geometry": {"type": "LineString", "coordinates": [[78.5104865, 17.4352677], [78.5114989, 17.4355185], [78.5118834, 17.4356183]]}}, {"type": "Feature", "properties": {"edge_id": "OSM-E0118", "length_km": 0.036, "usage": "main", "service": null, "gauge": "1676", "electrified": "contact_line", "voltage": "25000", "railway": "rail", "operator": null, "network": null, "u": "GN-0010", "v": "GN-0009"}, "geometry": {"type": "LineString", "coordinates": [[78.5118834, 17.4356183], [78.512209, 17.4357213]]}}, {"type": "Feature", "properties": {"edge_id": "OSM-E0119", "length_km": 0.071, "usage": "main", "service": null, "gauge": "1676", "electrified": "contact_line", "voltage": "25000", "railway": "rail", "operator": null, "network": null, "u": "GN-0138", "v": "GN-0091"}, "geometry": {"type": "LineString", "coordinates": [[78.5205669, 17.4392808], [78.5212036, 17.4394707]]}}, {"type": "Feature", "properties": {"edge_id": "OSM-E0120", "length_km": 1.01, "usage": "main", "service": null, "gauge": "1676", "electrified": "contact_line", "voltage": "25000", "railway": "rail", "operator": null, "network": null, "u": "GN-0009", "v": "GN-0138"}, "geometry": {"type": "LineString", "coordinates": [[78.512209, 17.4357213], [78.5123452, 17.4357777], [78.51254, 17.4358583], [78.5128637, 17.4360162], [78.5132019, 17.4362228], [78.5136543, 17.4365714], [78.514891, 17.4376606], [78.5152247, 17.4379509], [78.5155224, 17.4381937], [78.5158275, 17.4384154], [78.5161859, 17.4386325], [78.5165854, 17.4388182], [78.5169688, 17.4389559], [78.5173144, 17.4390371], [78.5177111, 17.4390882], [78.5181369, 17.4391091], [78.5194219, 17.4391184], [78.5199451, 17.4391648], [78.5202955, 17.4392229], [78.5205669, 17.4392808]]}}, {"type": "Feature", "properties": {"edge_id": "OSM-E0122", "length_km": 2.019, "usage": "main", "service": null, "gauge": "1676", "electrified": "contact_line", "voltage": "25000", "railway": "rail", "operator": null, "network": null, "u": "GN-0139", "v": "GN-0066"}, "geometry": {"type": "LineString", "coordinates": [[78.4669796, 17.620332], [78.4664919, 17.6195183], [78.4662008, 17.6188383], [78.4660117, 17.618102], [78.465934, 17.6175537], [78.4659165, 17.6171114], [78.4659124, 17.6166606], [78.4660357, 17.6157224], [78.4661613, 17.61521], [78.4663343, 17.6147435], [78.4664952, 17.6143549], [78.4677123, 17.6117643], [78.4682092, 17.6107067], [78.4715981, 17.6034935]]}}, {"type": "Feature", "properties": {"edge_id": "OSM-E0123", "length_km": 0.018, "usage": "main", "service": null, "gauge": "1676", "electrified": "contact_line", "voltage": "25000", "railway": "rail", "operator": null, "network": null, "u": "GN-0140", "v": "GN-0139"}, "geometry": {"type": "LineString", "coordinates": [[78.4670565, 17.6204782], [78.4669796, 17.620332]]}}, {"type": "Feature", "properties": {"edge_id": "OSM-E0124", "length_km": 0.386, "usage": "main", "service": null, "gauge": "1676", "electrified": "contact_line", "voltage": "25000", "railway": "rail", "operator": null, "network": null, "u": "GN-0141", "v": "GN-0142"}, "geometry": {"type": "LineString", "coordinates": [[78.4748984, 17.6374867], [78.4747878, 17.636344], [78.4747357, 17.6359659], [78.4746954, 17.6357135], [78.4746391, 17.6354399], [78.4745546, 17.6350859], [78.4744694, 17.6347892], [78.4743239, 17.6343613], [78.4742132, 17.6340944]]}}, {"type": "Feature", "properties": {"edge_id": "OSM-E0125", "length_km": 1.792, "usage": "main", "service": null, "gauge": "1676", "electrified": "contact_line", "voltage": "25000", "railway": "rail", "operator": null, "network": null, "u": "GN-0140", "v": "GN-0143"}, "geometry": {"type": "LineString", "coordinates": [[78.4670178, 17.6204972], [78.4731462, 17.6321291], [78.4737594, 17.6332601], [78.4740098, 17.6337497], [78.4741375, 17.6340277], [78.474285, 17.6343817], [78.4744325, 17.634815], [78.4744727, 17.6349531]]}}, {"type": "Feature", "properties": {"edge_id": "OSM-E0126", "length_km": 0.018, "usage": "main", "service": null, "gauge": "1676", "electrified": "contact_line", "voltage": "25000", "railway": "rail", "operator": null, "network": null, "u": "GN-0139", "v": "GN-0140"}, "geometry": {"type": "LineString", "coordinates": [[78.4669405, 17.6203513], [78.4670178, 17.6204972]]}}, {"type": "Feature", "properties": {"edge_id": "OSM-E0127", "length_km": 2.024, "usage": "main", "service": null, "gauge": "1676", "electrified": "contact_line", "voltage": "25000", "railway": "rail", "operator": null, "network": null, "u": "GN-0066", "v": "GN-0139"}, "geometry": {"type": "LineString", "coordinates": [[78.4715614, 17.6034742], [78.4699227, 17.607031], [78.4681763, 17.6106925], [78.4676666, 17.6117518], [78.4664493, 17.6143353], [78.4662878, 17.6147246], [78.466117, 17.6151947], [78.465993, 17.6157065], [78.465915, 17.6161762], [78.4658692, 17.6166521], [78.4658682, 17.6171114], [78.4658853, 17.6175534], [78.4659618, 17.6181096], [78.4661544, 17.6188409], [78.4664465, 17.6195311], [78.4669405, 17.6203513]]}}, {"type": "Feature", "properties": {"edge_id": "OSM-E0128", "length_km": 0.458, "usage": "main", "service": null, "gauge": "1676", "electrified": "contact_line", "voltage": "25000", "railway": "rail", "operator": null, "network": null, "u": "GN-0043", "v": "GN-0144"}, "geometry": {"type": "LineString", "coordinates": [[78.4884664, 17.4324214], [78.4895931, 17.4320496], [78.4900796, 17.4319089], [78.4902155, 17.4318659], [78.4906465, 17.4317324], [78.4910293, 17.4316196], [78.4913436, 17.4315434], [78.4917119, 17.4314745], [78.4921991, 17.4314189], [78.4925311, 17.4313859], [78.4926256, 17.431386]]}}, {"type": "Feature", "properties": {"edge_id": "OSM-E0129", "length_km": 0.457, "usage": "main", "service": null, "gauge": "1676", "electrified": "contact_line", "voltage": "25000", "railway": "rail", "operator": null, "network": null, "u": "GN-0144", "v": "GN-0043"}, "geometry": {"type": "LineString", "coordinates": [[78.4926142, 17.4313436], [78.4925241, 17.4313431], [78.492185, 17.4313648], [78.4917196, 17.4314175], [78.4913296, 17.4314884], [78.4910132, 17.4315647], [78.490205, 17.4318208], [78.4900635, 17.4318655], [78.4890853, 17.43216], [78.4884623, 17.4323791]]}}, {"type": "Feature", "properties": {"edge_id": "OSM-E0130", "length_km": 0.142, "usage": "main", "service": null, "gauge": "1676", "electrified": "contact_line", "voltage": "25000", "railway": "rail", "operator": null, "network": null, "u": "GN-0055", "v": "GN-0145"}, "geometry": {"type": "LineString", "coordinates": [[78.467035, 17.4369494], [78.4672839, 17.4370806], [78.4675142, 17.4371857], [78.4678087, 17.437314], [78.4679838, 17.4373792], [78.4681334, 17.4374265], [78.4682568, 17.437458]]}}, {"type": "Feature", "properties": {"edge_id": "OSM-E0131", "length_km": 0.043, "usage": "main", "service": null, "gauge": "1676", "electrified": "contact_line", "voltage": "25000", "railway": "rail", "operator": null, "network": null, "u": "GN-0024", "v": "GN-0146"}, "geometry": {"type": "LineString", "coordinates": [[78.4691309, 17.4376184], [78.4687347, 17.4375393]]}}, {"type": "Feature", "properties": {"edge_id": "OSM-E0132", "length_km": 1.303, "usage": "main", "service": null, "gauge": "1676", "electrified": "contact_line", "voltage": "25000", "railway": "rail", "operator": null, "network": null, "u": "GN-0146", "v": "GN-0048"}, "geometry": {"type": "LineString", "coordinates": [[78.4687347, 17.4375393], [78.4681348, 17.4373765], [78.467837, 17.4372769], [78.4675355, 17.4371522], [78.4673031, 17.437036], [78.4670649, 17.4369083], [78.4668204, 17.43674], [78.4666908, 17.4366297], [78.4665943, 17.436531], [78.4665808, 17.4365172], [78.4663796, 17.4362864], [78.4662263, 17.4360895], [78.4660586, 17.4358613], [78.4657038, 17.4353641], [78.4641614, 17.4328997], [78.463597, 17.4319753], [78.4629668, 17.4309714], [78.4624424, 17.4301484], [78.4622837, 17.4298706], [78.462111, 17.4295402], [78.4619828, 17.4292244], [78.4618831, 17.4289527], [78.4618031, 17.4286839], [78.4617361, 17.4283954]]}}, {"type": "Feature", "properties": {"edge_id": "OSM-E0133", "length_km": 0.067, "usage": "main", "service": null, "gauge": "1676", "electrified": "contact_line", "voltage": "25000", "railway": "rail", "operator": null, "network": null, "u": "GN-0048", "v": "GN-0098"}, "geometry": {"type": "LineString", "coordinates": [[78.4616806, 17.4283582], [78.4617417, 17.4286427], [78.4618363, 17.4289399]]}}, {"type": "Feature", "properties": {"edge_id": "OSM-E0134", "length_km": 0.086, "usage": "main", "service": null, "gauge": "1676", "electrified": "contact_line", "voltage": "25000", "railway": "rail", "operator": null, "network": null, "u": "GN-0098", "v": "GN-0047"}, "geometry": {"type": "LineString", "coordinates": [[78.4618363, 17.4289399], [78.4619261, 17.4292336], [78.4620124, 17.4294564], [78.4621046, 17.4296644]]}}, {"type": "Feature", "properties": {"edge_id": "OSM-E0135", "length_km": 0.63, "usage": "main", "service": null, "gauge": "1676", "electrified": "contact_line", "voltage": "25000", "railway": "rail", "operator": null, "network": null, "u": "GN-0025", "v": "GN-0052"}, "geometry": {"type": "LineString", "coordinates": [[78.4560691, 17.4394638], [78.4564643, 17.4392185], [78.4569136, 17.4389783], [78.4572465, 17.4388389], [78.4577202, 17.4386943], [78.4580666, 17.4386323], [78.4597857, 17.4383773], [78.4603375, 17.438263], [78.4607868, 17.4381417], [78.4612321, 17.4379694], [78.4614942, 17.437866], [78.4616803, 17.4377838]]}}, {"type": "Feature", "properties": {"edge_id": "OSM-E0136", "length_km": 0.964, "usage": "main", "service": null, "gauge": "1676", "electrified": "contact_line", "voltage": "25000", "railway": "rail", "operator": null, "network": null, "u": "GN-0106", "v": "GN-0056"}, "geometry": {"type": "LineString", "coordinates": [[78.3591986, 17.4827404], [78.3602291, 17.4827489], [78.3607876, 17.4827441], [78.3630523, 17.4825834], [78.3674713, 17.482246], [78.368268, 17.4821959]]}}, {"type": "Feature", "properties": {"edge_id": "OSM-E0137", "length_km": 2.083, "usage": "main", "service": null, "gauge": "1676", "electrified": "contact_line", "voltage": "25000", "railway": "rail", "operator": null, "network": null, "u": "GN-0106", "v": "GN-0080"}, "geometry": {"type": "LineString", "coordinates": [[78.3591986, 17.4827404], [78.3587053, 17.4827525], [78.3493889, 17.4827024], [78.3489367, 17.4827155], [78.3487335, 17.4827333], [78.348531, 17.4827577], [78.3483296, 17.4827889], [78.3481226, 17.4828281], [78.3479173, 17.4828743], [78.3477139, 17.4829275], [78.3475083, 17.482991], [78.3473042, 17.4830607], [78.3471029, 17.4831377], [78.3469047, 17.4832217], [78.34671, 17.4833126], [78.3465189, 17.4834104], [78.3463272, 17.4835175], [78.3461399, 17.4836315], [78.3459573, 17.4837523], [78.3458023, 17.4838614], [78.3456505, 17.4839745], [78.3455021, 17.4840916], [78.3415379, 17.4875733], [78.3413949, 17.4877015]]}}, {"type": "Feature", "properties": {"edge_id": "OSM-E0138", "length_km": 0.93, "usage": "main", "service": null, "gauge": "1676", "electrified": "contact_line", "voltage": "25000", "railway": "rail", "operator": null, "network": null, "u": "GN-0104", "v": "GN-0105"}, "geometry": {"type": "LineString", "coordinates": [[78.368786, 17.4821112], [78.3661326, 17.4823031], [78.3630525, 17.4825347], [78.3611965, 17.4826745], [78.3602489, 17.4827129], [78.3600456, 17.4827063]]}}, {"type": "Feature", "properties": {"edge_id": "OSM-E0139", "length_km": 1.675, "usage": "main", "service": null, "gauge": "1676", "electrified": "contact_line", "voltage": "25000", "railway": "rail", "operator": null, "network": null, "u": "GN-0057", "v": "GN-0104"}, "geometry": {"type": "LineString", "coordinates": [[78.3818923, 17.4743979], [78.3815189, 17.4746359], [78.3809195, 17.4750385], [78.3795962, 17.47578], [78.3787874, 17.4762923], [78.377936, 17.4768885], [78.3760535, 17.4785313], [78.3736675, 17.4806564], [78.3732228, 17.4809955], [78.3726404, 17.4813555], [78.372339, 17.4814953], [78.3720465, 17.481624], [78.3716652, 17.4817499], [78.371258, 17.481857], [78.3708718, 17.4819333], [78.3705311, 17.481981], [78.3697366, 17.482047], [78.368786, 17.4821112]]}}, {"type": "Feature", "properties": {"edge_id": "OSM-E0140", "length_km": 0.084, "usage": "main", "service": null, "gauge": "1676", "electrified": "contact_line", "voltage": "25000", "railway": "rail", "operator": null, "network": null, "u": "GN-0147", "v": "GN-0148"}, "geometry": {"type": "LineString", "coordinates": [[78.3207354, 17.4847421], [78.3210987, 17.4849105], [78.3214429, 17.4850728]]}}, {"type": "Feature", "properties": {"edge_id": "OSM-E0141", "length_km": 1.087, "usage": "main", "service": null, "gauge": "1676", "electrified": "contact_line", "voltage": "25000", "railway": "rail", "operator": null, "network": null, "u": "GN-0084", "v": "GN-0147"}, "geometry": {"type": "LineString", "coordinates": [[78.3112764, 17.4811611], [78.3116987, 17.481197], [78.3122591, 17.4812759], [78.3126226, 17.4813444], [78.3128614, 17.481391], [78.3131922, 17.4814738], [78.3135464, 17.4815631], [78.3140342, 17.4817088], [78.314258, 17.481774], [78.3144822, 17.4818558], [78.3147835, 17.4819698], [78.3153546, 17.4822211], [78.3166267, 17.4828128], [78.3189213, 17.4838747], [78.3198013, 17.4842885], [78.3207354, 17.4847421]]}}, {"type": "Feature", "properties": {"edge_id": "OSM-E0142", "length_km": 0.761, "usage": "main", "service": null, "gauge": "1676", "electrified": "contact_line", "voltage": "25000", "railway": "rail", "operator": null, "network": null, "u": "GN-0149", "v": "GN-0150"}, "geometry": {"type": "LineString", "coordinates": [[78.3218811, 17.4852285], [78.3210522, 17.4848427], [78.3207828, 17.4847153], [78.3154414, 17.4822128]]}}, {"type": "Feature", "properties": {"edge_id": "OSM-E0143", "length_km": 0.648, "usage": "main", "service": null, "gauge": "1676", "electrified": "contact_line", "voltage": "25000", "railway": "rail", "operator": null, "network": null, "u": "GN-0049", "v": "GN-0025"}, "geometry": {"type": "LineString", "coordinates": [[78.4618193, 17.4376636], [78.4614207, 17.437836], [78.4612185, 17.4379216], [78.4607659, 17.4380932], [78.4603004, 17.438212], [78.4597753, 17.4383127], [78.458062, 17.4385942], [78.4577047, 17.4386613], [78.4572148, 17.4388111], [78.45689, 17.4389402], [78.4564407, 17.4391881], [78.4560487, 17.4394175]]}}, {"type": "Feature", "properties": {"edge_id": "OSM-E0144", "length_km": 0.817, "usage": "main", "service": null, "gauge": "1676", "electrified": "contact_line", "voltage": "25000", "railway": "rail", "operator": null, "network": null, "u": "GN-0047", "v": "GN-0054"}, "geometry": {"type": "LineString", "coordinates": [[78.4621046, 17.4296644], [78.4622423, 17.4298872], [78.4624192, 17.4301871], [78.4629697, 17.4310663], [78.4656638, 17.4353759], [78.4658111, 17.4355925], [78.4660706, 17.435963]]}}, {"type": "Feature", "properties": {"edge_id": "OSM-E0145", "length_km": 0.036, "usage": "main", "service": null, "gauge": "1676", "electrified": "contact_line", "voltage": "25000", "railway": "rail", "operator": null, "network": null, "u": "GN-0151", "v": "GN-0085"}, "geometry": {"type": "LineString", "coordinates": [[78.4978303, 17.432085], [78.4980397, 17.4321335], [78.4981628, 17.4321614]]}}, {"type": "Feature", "properties": {"edge_id": "OSM-E0146", "length_km": 0.026, "usage": "main", "service": null, "gauge": "1676", "electrified": "contact_line", "voltage": "25000", "railway": "rail", "operator": null, "network": null, "u": "GN-0152", "v": "GN-0096"}, "geometry": {"type": "LineString", "coordinates": [[78.505857, 17.4341842], [78.5060952, 17.4342483]]}}, {"type": "Feature", "properties": {"edge_id": "OSM-E0147", "length_km": 0.046, "usage": "main", "service": null, "gauge": "1676", "electrified": "contact_line", "voltage": "25000", "railway": "rail", "operator": null, "network": null, "u": "GN-0096", "v": "GN-0153"}, "geometry": {"type": "LineString", "coordinates": [[78.5060952, 17.4342483], [78.506511, 17.4343493]]}}, {"type": "Feature", "properties": {"edge_id": "OSM-E0148", "length_km": 0.034, "usage": "main", "service": null, "gauge": "1676", "electrified": "contact_line", "voltage": "25000", "railway": "rail", "operator": null, "network": null, "u": "GN-0151", "v": "GN-0154"}, "geometry": {"type": "LineString", "coordinates": [[78.4978303, 17.432085], [78.4975173, 17.4320152]]}}, {"type": "Feature", "properties": {"edge_id": "OSM-E0149", "length_km": 0.11, "usage": "main", "service": null, "gauge": "1676", "electrified": "contact_line", "voltage": "25000", "railway": "rail", "operator": null, "network": null, "u": "GN-0155", "v": "GN-0007"}, "geometry": {"type": "LineString", "coordinates": [[78.5076255, 17.4346758], [78.5066275, 17.4344225]]}}, {"type": "Feature", "properties": {"edge_id": "OSM-E0150", "length_km": 0.016, "usage": "main", "service": null, "gauge": "1676", "electrified": "contact_line", "voltage": "25000", "railway": "rail", "operator": null, "network": null, "u": "GN-0001", "v": "GN-0002"}, "geometry": {"type": "LineString", "coordinates": [[78.5128113, 17.4350798], [78.5128027, 17.4349334]]}}, {"type": "Feature", "properties": {"edge_id": "OSM-E0152", "length_km": 0.093, "usage": "main", "service": null, "gauge": "1676", "electrified": "contact_line", "voltage": "25000", "railway": "rail", "operator": null, "network": null, "u": "GN-0156", "v": "GN-0137"}, "geometry": {"type": "LineString", "coordinates": [[78.5096177, 17.4351307], [78.5104865, 17.4352677]]}}, {"type": "Feature", "properties": {"edge_id": "OSM-E0153", "length_km": 0.046, "usage": "main", "service": null, "gauge": "1676", "electrified": "contact_line", "voltage": "25000", "railway": "rail", "operator": null, "network": null, "u": "GN-0154", "v": "GN-0157"}, "geometry": {"type": "LineString", "coordinates": [[78.4975173, 17.4320152], [78.4970878, 17.431943]]}}, {"type": "Feature", "properties": {"edge_id": "OSM-E0154", "length_km": 0.155, "usage": "main", "service": null, "gauge": "1676", "electrified": "contact_line", "voltage": "25000", "railway": "rail", "operator": null, "network": null, "u": "GN-0154", "v": "GN-0158"}, "geometry": {"type": "LineString", "coordinates": [[78.4975173, 17.4320152], [78.4978388, 17.4320524], [78.4981805, 17.4320761], [78.4985743, 17.4321191], [78.4988349, 17.4321335], [78.4989749, 17.4321333]]}}, {"type": "Feature", "properties": {"edge_id": "OSM-E0155", "length_km": 0.292, "usage": "main", "service": null, "gauge": "1676", "electrified": "contact_line", "voltage": "25000", "railway": "rail", "operator": null, "network": null, "u": "GN-0036", "v": "GN-0095"}, "geometry": {"type": "LineString", "coordinates": [[78.5055486, 17.4338373], [78.5051459, 17.4336425], [78.505039, 17.4335968], [78.504796, 17.4334876], [78.5046376, 17.4334249], [78.5044833, 17.4333699], [78.5043504, 17.4333269], [78.504144, 17.4332696], [78.5038819, 17.4332046], [78.5029553, 17.4329748]]}}, {"type": "Feature", "properties": {"edge_id": "OSM-E0156", "length_km": 0.049, "usage": "main", "service": null, "gauge": "1676", "electrified": "contact_line", "voltage": "25000", "railway": "rail", "operator": null, "network": null, "u": "GN-0159", "v": "GN-0113"}, "geometry": {"type": "LineString", "coordinates": [[78.506971, 17.4344106], [78.5072167, 17.4344522], [78.507425, 17.4344807]]}}, {"type": "Feature", "properties": {"edge_id": "OSM-E0157", "length_km": 0.21, "usage": "main", "service": null, "gauge": "1676", "electrified": "contact_line", "voltage": "25000", "railway": "rail", "operator": null, "network": null, "u": "GN-0113", "v": "GN-0160"}, "geometry": {"type": "LineString", "coordinates": [[78.507425, 17.4344807], [78.5077665, 17.4345188], [78.508084, 17.4345239], [78.5084644, 17.4344992], [78.5088341, 17.4344227], [78.5093725, 17.4342704]]}}, {"type": "Feature", "properties": {"edge_id": "OSM-E0158", "length_km": 0.37, "usage": "main", "service": null, "gauge": "1676", "electrified": "contact_line", "voltage": "25000", "railway": "rail", "operator": null, "network": null, "u": "GN-0109", "v": "GN-0155"}, "geometry": {"type": "LineString", "coordinates": [[78.5109965, 17.4355215], [78.5094424, 17.4351337], [78.5076255, 17.4346758]]}}, {"type": "Feature", "properties": {"edge_id": "OSM-E0159", "length_km": 0.042, "usage": "main", "service": null, "gauge": "1676", "electrified": "contact_line", "voltage": "25000", "railway": "rail", "operator": null, "network": null, "u": "GN-0161", "v": "GN-0156"}, "geometry": {"type": "LineString", "coordinates": [[78.5092358, 17.4350373], [78.5096177, 17.4351307]]}}, {"type": "Feature", "properties": {"edge_id": "OSM-E0160", "length_km": 0.027, "usage": "main", "service": null, "gauge": "1676", "electrified": "contact_line", "voltage": "25000", "railway": "rail", "operator": null, "network": null, "u": "GN-0053", "v": "GN-0024"}, "geometry": {"type": "LineString", "coordinates": [[78.4688756, 17.4376124], [78.4691277, 17.4376643]]}}, {"type": "Feature", "properties": {"edge_id": "OSM-E0162", "length_km": 0.112, "usage": "main", "service": null, "gauge": "1676", "electrified": "contact_line", "voltage": null, "railway": "rail", "operator": null, "network": null, "u": "GN-0052", "v": "GN-0046"}, "geometry": {"type": "LineString", "coordinates": [[78.4616803, 17.4377838], [78.4622144, 17.437505], [78.4625902, 17.4372799]]}}, {"type": "Feature", "properties": {"edge_id": "OSM-E0163", "length_km": 0.092, "usage": "main", "service": null, "gauge": "1676", "electrified": "contact_line", "voltage": "25000", "railway": "rail", "operator": null, "network": null, "u": "GN-0046", "v": "GN-0049"}, "geometry": {"type": "LineString", "coordinates": [[78.4625902, 17.4372799], [78.4624578, 17.4373504], [78.4618193, 17.4376636]]}}, {"type": "Feature", "properties": {"edge_id": "OSM-E0164", "length_km": 0.051, "usage": "main", "service": null, "gauge": "1676", "electrified": "contact_line", "voltage": "25000", "railway": "rail", "operator": null, "network": null, "u": "GN-0146", "v": "GN-0145"}, "geometry": {"type": "LineString", "coordinates": [[78.4687347, 17.4375393], [78.4682568, 17.437458]]}}, {"type": "Feature", "properties": {"edge_id": "OSM-E0165", "length_km": 0.068, "usage": "main", "service": null, "gauge": "1676", "electrified": "contact_line", "voltage": "25000", "railway": "rail", "operator": null, "network": null, "u": "GN-0145", "v": "GN-0053"}, "geometry": {"type": "LineString", "coordinates": [[78.4682568, 17.437458], [78.4688756, 17.4376124]]}}, {"type": "Feature", "properties": {"edge_id": "OSM-E0166", "length_km": 0.016, "usage": "main", "service": null, "gauge": "1676", "electrified": "contact_line", "voltage": "25000", "railway": "rail", "operator": null, "network": null, "u": "GN-0162", "v": "GN-0012"}, "geometry": {"type": "LineString", "coordinates": [[78.5116393, 17.4357215], [78.5117871, 17.4357582]]}}, {"type": "Feature", "properties": {"edge_id": "OSM-E0168", "length_km": 0.083, "usage": "main", "service": null, "gauge": "1676", "electrified": "contact_line", "voltage": "25000", "railway": "rail", "operator": null, "network": null, "u": "GN-0157", "v": "GN-0163"}, "geometry": {"type": "LineString", "coordinates": [[78.4970878, 17.431943], [78.4969735, 17.4319236], [78.4963189, 17.4318274]]}}, {"type": "Feature", "properties": {"edge_id": "OSM-E0169", "length_km": 0.225, "usage": "main", "service": null, "gauge": "1676", "electrified": "contact_line", "voltage": "25000", "railway": "rail", "operator": null, "network": null, "u": "GN-0164", "v": "GN-0154"}, "geometry": {"type": "LineString", "coordinates": [[78.495476, 17.4317395], [78.4969576, 17.4319613], [78.4975666, 17.4320725]]}}, {"type": "Feature", "properties": {"edge_id": "OSM-E0170", "length_km": 0.024, "usage": "main", "service": null, "gauge": "1676", "electrified": "contact_line", "voltage": "25000", "railway": "rail", "operator": null, "network": null, "u": "GN-0019", "v": "GN-0041"}, "geometry": {"type": "LineString", "coordinates": [[78.5350046, 17.4548452], [78.5352065, 17.4547495]]}}, {"type": "Feature", "properties": {"edge_id": "OSM-E0171", "length_km": 0.057, "usage": "main", "service": null, "gauge": "1676", "electrified": "contact_line", "voltage": "25000", "railway": "rail", "operator": null, "network": null, "u": "GN-0034", "v": "GN-0165"}, "geometry": {"type": "LineString", "coordinates": [[78.4530812, 17.4624438], [78.4525649, 17.4625859]]}}, {"type": "Feature", "properties": {"edge_id": "OSM-E0172", "length_km": 0.014, "usage": "main", "service": null, "gauge": "1676", "electrified": "contact_line", "voltage": "25000", "railway": "rail", "operator": null, "network": null, "u": "GN-0165", "v": "GN-0166"}, "geometry": {"type": "LineString", "coordinates": [[78.4525649, 17.4625859], [78.4524386, 17.4626205]]}}, {"type": "Feature", "properties": {"edge_id": "OSM-E0173", "length_km": 0.06, "usage": "main", "service": null, "gauge": "1676", "electrified": "contact_line", "voltage": "25000", "railway": "rail", "operator": null, "network": null, "u": "GN-0166", "v": "GN-0167"}, "geometry": {"type": "LineString", "coordinates": [[78.4524386, 17.4626205], [78.4518981, 17.4627711]]}}, {"type": "Feature", "properties": {"edge_id": "OSM-E0174", "length_km": 0.015, "usage": "main", "service": null, "gauge": "1676", "electrified": "contact_line", "voltage": "25000", "railway": "rail", "operator": null, "network": null, "u": "GN-0167", "v": "GN-0031"}, "geometry": {"type": "LineString", "coordinates": [[78.4518981, 17.4627711], [78.4517632, 17.4628059]]}}, {"type": "Feature", "properties": {"edge_id": "OSM-E0175", "length_km": 0.03, "usage": "main", "service": null, "gauge": "1676", "electrified": "contact_line", "voltage": "25000", "railway": "rail", "operator": null, "network": null, "u": "GN-0067", "v": "GN-0069"}, "geometry": {"type": "LineString", "coordinates": [[78.6440583, 17.4544353], [78.6437754, 17.4544023]]}}, {"type": "Feature", "properties": {"edge_id": "OSM-E0176", "length_km": 0.03, "usage": "main", "service": null, "gauge": "1676", "electrified": "contact_line", "voltage": "25000", "railway": "rail", "operator": null, "network": null, "u": "GN-0168", "v": "GN-0169"}, "geometry": {"type": "LineString", "coordinates": [[78.6437686, 17.4544558], [78.6440514, 17.4544888]]}}, {"type": "Feature", "properties": {"edge_id": "OSM-E0177", "length_km": 3.216, "usage": "main", "service": null, "gauge": "1676", "electrified": "contact_line", "voltage": "25000", "railway": "rail", "operator": null, "network": null, "u": "GN-0169", "v": "GN-0170"}, "geometry": {"type": "LineString", "coordinates": [[78.6440514, 17.4544888], [78.6494721, 17.4551348], [78.6500368, 17.4551834], [78.6505195, 17.4552103], [78.6509782, 17.4552116], [78.6514865, 17.455186], [78.6520082, 17.4551361], [78.6693044, 17.4531569], [78.669861, 17.4531096], [78.6704376, 17.4530802], [78.6712316, 17.45307], [78.6733277, 17.4531108], [78.6741887, 17.4531276]]}}, {"type": "Feature", "properties": {"edge_id": "OSM-E0178", "length_km": 3.215, "usage": "main", "service": null, "gauge": "1676", "electrified": "contact_line", "voltage": "25000", "railway": "rail", "operator": null, "network": null, "u": "GN-0170", "v": "GN-0067"}, "geometry": {"type": "LineString", "coordinates": [[78.6741898, 17.4530737], [78.6712318, 17.453016], [78.6704357, 17.4530263], [78.6698569, 17.4530558], [78.6692985, 17.4531033], [78.652002, 17.4550825], [78.6514822, 17.4551322], [78.6509768, 17.4551577], [78.6505213, 17.4551564], [78.6500409, 17.4551297], [78.6494782, 17.4550812], [78.6440583, 17.4544353]]}}, {"type": "Feature", "properties": {"edge_id": "OSM-E0179", "length_km": 0.033, "usage": "main", "service": null, "gauge": "1676", "electrified": "contact_line", "voltage": "25000", "railway": "rail", "operator": null, "network": null, "u": "GN-0059", "v": "GN-0032"}, "geometry": {"type": "LineString", "coordinates": [[78.4468458, 17.4619436], [78.4470865, 17.4621316]]}}, {"type": "Feature", "properties": {"edge_id": "OSM-E0180", "length_km": 0.649, "usage": "main", "service": null, "gauge": "1676", "electrified": "contact_line", "voltage": "25000", "railway": "rail", "operator": null, "network": null, "u": "GN-0171", "v": "GN-0059"}, "geometry": {"type": "LineString", "coordinates": [[78.4409145, 17.4613606], [78.4419501, 17.4613642], [78.4421054, 17.4613586], [78.4425665, 17.4613242], [78.4430225, 17.461291], [78.4434959, 17.46125], [78.4438801, 17.4612193], [78.4440836, 17.4612098], [78.4443632, 17.461209], [78.4445831, 17.4612138], [78.4449162, 17.4612347], [78.4450275, 17.4612416], [78.4452428, 17.4612621], [78.4455211, 17.4613107], [78.4458337, 17.4613965], [78.4461009, 17.4614966], [78.4463788, 17.4616338], [78.4466248, 17.4617851], [78.4468458, 17.4619436]]}}, {"type": "Feature", "properties": {"edge_id": "OSM-E0181", "length_km": 0.013, "usage": "main", "service": null, "gauge": "1676", "electrified": "contact_line", "voltage": "25000", "railway": "rail", "operator": null, "network": null, "u": "GN-0031", "v": "GN-0167"}, "geometry": {"type": "LineString", "coordinates": [[78.4518701, 17.4628349], [78.4519847, 17.4628038]]}}, {"type": "Feature", "properties": {"edge_id": "OSM-E0182", "length_km": 0.153, "usage": "main", "service": null, "gauge": "1676", "electrified": "contact_line", "voltage": "25000", "railway": "rail", "operator": null, "network": null, "u": "GN-0172", "v": "GN-0029"}, "geometry": {"type": "LineString", "coordinates": [[78.4491991, 17.463375], [78.4493156, 17.4633852], [78.449416, 17.4633897], [78.4495994, 17.4633872], [78.4497806, 17.4633686], [78.4499532, 17.4633377], [78.450208, 17.4632766], [78.4506119, 17.4631721]]}}, {"type": "Feature", "properties": {"edge_id": "OSM-E0183", "length_km": 0.021, "usage": "main", "service": null, "gauge": "1676", "electrified": "contact_line", "voltage": "25000", "railway": "rail", "operator": null, "network": null, "u": "GN-0034", "v": "GN-0033"}, "geometry": {"type": "LineString", "coordinates": [[78.4530692, 17.4625062], [78.4532563, 17.4624539]]}}, {"type": "Feature", "properties": {"edge_id": "OSM-E0184", "length_km": 0.705, "usage": "main", "service": null, "gauge": "1676", "electrified": "contact_line", "voltage": "25000", "railway": "rail", "operator": null, "network": null, "u": "GN-0033", "v": "GN-0028"}, "geometry": {"type": "LineString", "coordinates": [[78.4532563, 17.4624539], [78.454512, 17.4621111], [78.4548334, 17.4620375], [78.4551627, 17.4619874], [78.4554665, 17.4619642], [78.4557489, 17.4619621], [78.4560118, 17.4619773], [78.4563172, 17.4620168], [78.4566538, 17.462087], [78.4569391, 17.4621693], [78.4572436, 17.4622818], [78.4574701, 17.4623814], [78.4576903, 17.4624845], [78.4584505, 17.4628633], [78.4587524, 17.4630205], [78.458975, 17.4631549], [78.4591869, 17.4633161], [78.4594102, 17.4635361]]}}, {"type": "Feature", "properties": {"edge_id": "OSM-E0185", "length_km": 0.021, "usage": "main", "service": null, "gauge": "1676", "electrified": "contact_line", "voltage": "25000", "railway": "rail", "operator": null, "network": null, "u": "GN-0028", "v": "GN-0027"}, "geometry": {"type": "LineString", "coordinates": [[78.4594102, 17.4635361], [78.4595368, 17.4636807]]}}, {"type": "Feature", "properties": {"edge_id": "OSM-E0186", "length_km": 0.268, "usage": "main", "service": null, "gauge": "1676", "electrified": "contact_line", "voltage": "25000", "railway": "rail", "operator": null, "network": null, "u": "GN-0032", "v": "GN-0172"}, "geometry": {"type": "LineString", "coordinates": [[78.4470865, 17.4621316], [78.4473395, 17.462331], [78.4479054, 17.4627916], [78.4481026, 17.4629476], [78.4483145, 17.4630832], [78.4485478, 17.463201], [78.4487933, 17.4632944], [78.4489958, 17.4633455], [78.4491991, 17.463375]]}}, {"type": "Feature", "properties": {"edge_id": "OSM-E0187", "length_km": 2.348, "usage": "main", "service": null, "gauge": "1676", "electrified": "contact_line", "voltage": "25000", "railway": "rail", "operator": null, "network": null, "u": "GN-0027", "v": "GN-0173"}, "geometry": {"type": "LineString", "coordinates": [[78.4595368, 17.4636807], [78.4596466, 17.4638236], [78.4597663, 17.4640067], [78.4602832, 17.4649039], [78.4608565, 17.465899], [78.4610349, 17.4661816], [78.4612199, 17.4664414], [78.4614345, 17.4667113], [78.4616732, 17.4669671], [78.4619176, 17.4672048], [78.4621791, 17.4674269], [78.4636649, 17.4686299], [78.4639402, 17.4688359], [78.4642121, 17.4690223], [78.4644962, 17.4691943], [78.4647978, 17.469361], [78.4676881, 17.4708932], [78.4679429, 17.4710352], [78.4681991, 17.4711925], [78.4684297, 17.471355], [78.468659, 17.4715379], [78.4688951, 17.4717669], [78.4690775, 17.4719703], [78.4692317, 17.4721685], [78.4693887, 17.4724052], [78.4695308, 17.4726483], [78.4696622, 17.4729156], [78.4697963, 17.4732508], [78.4700619, 17.4740222], [78.4701731, 17.4743701], [78.4702818, 17.4747257], [78.4704628, 17.4754121], [78.4715892, 17.4801141]]}}, {"type": "Feature", "properties": {"edge_id": "OSM-E0188", "length_km": 0.469, "usage": "main", "service": null, "gauge": "1676", "electrified": null, "voltage": null, "railway": "rail", "operator": null, "network": null, "u": "GN-0174", "v": "GN-0074"}, "geometry": {"type": "LineString", "coordinates": [[78.5429818, 17.4517421], [78.5426182, 17.4517428], [78.5423326, 17.4517599], [78.5420457, 17.4517893], [78.5417321, 17.4518489], [78.5413335, 17.4519582], [78.5410074, 17.452082], [78.5407743, 17.4521837], [78.5388572, 17.4530834]]}}, {"type": "Feature", "properties": {"edge_id": "OSM-E0189", "length_km": 0.018, "usage": "main", "service": null, "gauge": "1676", "electrified": null, "voltage": null, "railway": "rail", "operator": null, "network": null, "u": "GN-0017", "v": "GN-0174"}, "geometry": {"type": "LineString", "coordinates": [[78.5431534, 17.4517417], [78.5429818, 17.4517421]]}}, {"type": "Feature", "properties": {"edge_id": "OSM-E0190", "length_km": 0.102, "usage": "main", "service": null, "gauge": "1676", "electrified": "contact_line", "voltage": "25000", "railway": "rail", "operator": null, "network": null, "u": "GN-0041", "v": "GN-0175"}, "geometry": {"type": "LineString", "coordinates": [[78.5352065, 17.4547495], [78.5353602, 17.4546781], [78.5360835, 17.4543772]]}}, {"type": "Feature", "properties": {"edge_id": "OSM-E0191", "length_km": 0.05, "usage": "main", "service": null, "gauge": "1676", "electrified": "contact_line", "voltage": "25000", "railway": "rail", "operator": null, "network": null, "u": "GN-0176", "v": "GN-0177"}, "geometry": {"type": "LineString", "coordinates": [[78.6749235, 17.453122], [78.6753971, 17.4530987]]}}, {"type": "Feature", "properties": {"edge_id": "OSM-E0192", "length_km": 0.078, "usage": "main", "service": null, "gauge": "1676", "electrified": "contact_line", "voltage": "25000", "railway": "rail", "operator": null, "network": null, "u": "GN-0176", "v": "GN-0170"}, "geometry": {"type": "LineString", "coordinates": [[78.6749251, 17.4530889], [78.6744677, 17.4530794], [78.6742337, 17.4530746], [78.6741898, 17.4530737]]}}, {"type": "Feature", "properties": {"edge_id": "OSM-E0193", "length_km": 0.078, "usage": "main", "service": null, "gauge": "1676", "electrified": "contact_line", "voltage": "25000", "railway": "rail", "operator": null, "network": null, "u": "GN-0170", "v": "GN-0176"}, "geometry": {"type": "LineString", "coordinates": [[78.6741887, 17.4531276], [78.6745468, 17.4531314], [78.6747976, 17.4531282], [78.6749235, 17.453122]]}}, {"type": "Feature", "properties": {"edge_id": "OSM-E0194", "length_km": 0.332, "usage": "main", "service": null, "gauge": "1676", "electrified": "contact_line", "voltage": "25000", "railway": "rail", "operator": null, "network": null, "u": "GN-0178", "v": "GN-0177"}, "geometry": {"type": "LineString", "coordinates": [[78.678525, 17.4532566], [78.6783059, 17.4532529], [78.6779666, 17.4532427], [78.6767207, 17.4531531], [78.6763237, 17.4531275], [78.6759185, 17.4531095], [78.6753971, 17.4530987]]}}, {"type": "Feature", "properties": {"edge_id": "OSM-E0195", "length_km": 0.416, "usage": "main", "service": null, "gauge": "1676", "electrified": "contact_line", "voltage": "25000", "railway": "rail", "operator": null, "network": null, "u": "GN-0179", "v": "GN-0180"}, "geometry": {"type": "LineString", "coordinates": [[78.4058699, 17.4594699], [78.4055567, 17.4595117], [78.4045249, 17.4596521], [78.4037638, 17.4597639], [78.4031188, 17.459905], [78.402566, 17.4600723], [78.4020444, 17.4602489]]}}, {"type": "Feature", "properties": {"edge_id": "OSM-E0196", "length_km": 0.019, "usage": "main", "service": null, "gauge": "1676", "electrified": "contact_line", "voltage": "25000", "railway": "rail", "operator": null, "network": null, "u": "GN-0181", "v": "GN-0179"}, "geometry": {"type": "LineString", "coordinates": [[78.4060437, 17.4594466], [78.4058699, 17.4594699]]}}, {"type": "Feature", "properties": {"edge_id": "OSM-E0197", "length_km": 0.018, "usage": "main", "service": null, "gauge": "1676", "electrified": "contact_line", "voltage": "25000", "railway": "rail", "operator": null, "network": null, "u": "GN-0179", "v": "GN-0181"}, "geometry": {"type": "LineString", "coordinates": [[78.4058829, 17.4595225], [78.406051, 17.4594984]]}}, {"type": "Feature", "properties": {"edge_id": "OSM-E0198", "length_km": 0.415, "usage": "main", "service": null, "gauge": "1676", "electrified": "contact_line", "voltage": "25000", "railway": "rail", "operator": null, "network": null, "u": "GN-0180", "v": "GN-0179"}, "geometry": {"type": "LineString", "coordinates": [[78.4020655, 17.4602976], [78.4025483, 17.4601431], [78.4033733, 17.4599092], [78.4041066, 17.4597628], [78.4054412, 17.4595858], [78.4058829, 17.4595225]]}}, {"type": "Feature", "properties": {"edge_id": "OSM-E0199", "length_km": 1.051, "usage": "main", "service": null, "gauge": "1676", "electrified": "contact_line", "voltage": "25000", "railway": "rail", "operator": null, "network": null, "u": "GN-0180", "v": "GN-0182"}, "geometry": {"type": "LineString", "coordinates": [[78.401975, 17.4602781], [78.4015275, 17.4604777], [78.4010996, 17.4606949], [78.400752, 17.4608895], [78.4004154, 17.4611022], [78.3998217, 17.4614868], [78.3994767, 17.4617281], [78.3985174, 17.4623486], [78.3979376, 17.4627232], [78.3978418, 17.4627848], [78.3975346, 17.4629831], [78.3968671, 17.4633852], [78.3963651, 17.463608], [78.3959195, 17.4637667], [78.3956586, 17.4638352], [78.3952855, 17.4639163], [78.3948911, 17.4639816], [78.3945045, 17.4640127], [78.3938529, 17.4640142], [78.3933227, 17.4639613], [78.3931339, 17.463937]]}}, {"type": "Feature", "properties": {"edge_id": "OSM-E0202", "length_km": 1.054, "usage": "main", "service": null, "gauge": "1676", "electrified": "contact_line", "voltage": "25000", "railway": "rail", "operator": null, "network": null, "u": "GN-0182", "v": "GN-0180"}, "geometry": {"type": "LineString", "coordinates": [[78.3931287, 17.4639674], [78.3934282, 17.4640049], [78.3939079, 17.4640516], [78.3945133, 17.4640638], [78.3949781, 17.464011], [78.395413, 17.4639378], [78.3960419, 17.4637812], [78.3967859, 17.4634883], [78.3970268, 17.4633623], [78.397869, 17.4628231], [78.3979674, 17.4627605], [78.3986278, 17.4623373], [78.4000433, 17.461408], [78.4007213, 17.4609707], [78.4014802, 17.460564], [78.4019941, 17.4603261]]}}, {"type": "Feature", "properties": {"edge_id": "OSM-E0204", "length_km": 0.842, "usage": "main", "service": null, "gauge": "1676", "electrified": "contact_line", "voltage": "25000", "railway": "rail", "operator": null, "network": null, "u": "GN-0183", "v": "GN-0182"}, "geometry": {"type": "LineString", "coordinates": [[78.3865474, 17.4667062], [78.3866916, 17.4663699], [78.3868706, 17.4659876], [78.3872757, 17.4653572], [78.3874974, 17.4650989], [78.3876807, 17.4649139], [78.3880709, 17.4645804], [78.3884141, 17.4643404], [78.388881, 17.4640944], [78.3892178, 17.4639479], [78.3896229, 17.46383], [78.3900599, 17.4637568], [78.3903498, 17.4637181], [78.3908018, 17.4637039], [78.3911599, 17.4637242], [78.3924859, 17.4638869], [78.3930483, 17.4639573]]}}, {"type": "Feature", "properties": {"edge_id": "OSM-E0205", "length_km": 0.851, "usage": "main", "service": null, "gauge": "1676", "electrified": "contact_line", "voltage": "25000", "railway": "rail", "operator": null, "network": null, "u": "GN-0182", "v": "GN-0184"}, "geometry": {"type": "LineString", "coordinates": [[78.3930521, 17.4639265], [78.3917416, 17.4637578], [78.390931, 17.4636703], [78.3906508, 17.4636644], [78.3902665, 17.4636709], [78.3896912, 17.4637615], [78.3892779, 17.4638759], [78.3888695, 17.4640268], [78.3883191, 17.464312], [78.3878871, 17.4646079], [78.3875077, 17.464947], [78.3871726, 17.4653159], [78.3868311, 17.4658193], [78.3865198, 17.4664639], [78.3864406, 17.4666494]]}}, {"type": "Feature", "properties": {"edge_id": "OSM-E0207", "length_km": 0.013, "usage": "main", "service": null, "gauge": "1676", "electrified": "contact_line", "voltage": "25000", "railway": "rail", "operator": null, "network": null, "u": "GN-0185", "v": "GN-0183"}, "geometry": {"type": "LineString", "coordinates": [[78.3864999, 17.4668171], [78.3865474, 17.4667062]]}}, {"type": "Feature", "properties": {"edge_id": "OSM-E0208", "length_km": 0.38, "usage": "main", "service": null, "gauge": "1676", "electrified": "contact_line", "voltage": "25000", "railway": "rail", "operator": null, "network": null, "u": "GN-0064", "v": "GN-0186"}, "geometry": {"type": "LineString", "coordinates": [[78.3820868, 17.4743555], [78.382366, 17.4741257], [78.3830056, 17.4735157], [78.3832635, 17.4732513], [78.3835876, 17.4728934], [78.3838903, 17.4724563], [78.3840459, 17.4722387], [78.3843363, 17.4717245]]}}, {"type": "Feature", "properties": {"edge_id": "OSM-E0209", "length_km": 0.571, "usage": "main", "service": null, "gauge": "1676", "electrified": "contact_line", "voltage": "25000", "railway": "rail", "operator": null, "network": null, "u": "GN-0187", "v": "GN-0188"}, "geometry": {"type": "LineString", "coordinates": [[78.3863874, 17.466774], [78.3858447, 17.4680456], [78.3857181, 17.4683421], [78.3851526, 17.4696885], [78.3845168, 17.4712225], [78.3843482, 17.4715275]]}}, {"type": "Feature", "properties": {"edge_id": "OSM-E0210", "length_km": 0.015, "usage": "main", "service": null, "gauge": "1676", "electrified": "contact_line", "voltage": "25000", "railway": "rail", "operator": null, "network": null, "u": "GN-0184", "v": "GN-0187"}, "geometry": {"type": "LineString", "coordinates": [[78.3864406, 17.4666494], [78.3863874, 17.466774]]}}, {"type": "Feature", "properties": {"edge_id": "OSM-E0211", "length_km": 0.025, "usage": "main", "service": null, "gauge": "1676", "electrified": "contact_line", "voltage": "25000", "railway": "rail", "operator": null, "network": null, "u": "GN-0189", "v": "GN-0190"}, "geometry": {"type": "LineString", "coordinates": [[78.4220448, 17.4605556], [78.4222756, 17.4606148]]}}, {"type": "Feature", "properties": {"edge_id": "OSM-E0212", "length_km": 1.726, "usage": "main", "service": null, "gauge": "1676", "electrified": "contact_line", "voltage": "25000", "railway": "rail", "operator": null, "network": null, "u": "GN-0181", "v": "GN-0189"}, "geometry": {"type": "LineString", "coordinates": [[78.406051, 17.4594984], [78.4078466, 17.4592409], [78.4081571, 17.4591976], [78.4092726, 17.4590419], [78.4103871, 17.4588863], [78.4118854, 17.458744], [78.4130625, 17.4587398], [78.4147467, 17.4588517], [78.4157104, 17.4590063], [78.4168092, 17.4592781], [78.4195376, 17.4599395], [78.4204795, 17.4601721], [78.4220448, 17.4605556]]}}, {"type": "Feature", "properties": {"edge_id": "OSM-E0213", "length_km": 1.728, "usage": "main", "service": null, "gauge": "1676", "electrified": "contact_line", "voltage": "25000", "railway": "rail", "operator": null, "network": null, "u": "GN-0189", "v": "GN-0181"}, "geometry": {"type": "LineString", "coordinates": [[78.422055, 17.4605001], [78.4204747, 17.4601199], [78.4202537, 17.4600669], [78.4191542, 17.4597918], [78.4173733, 17.4593464], [78.4157456, 17.458959], [78.4147571, 17.4587965], [78.4130781, 17.4586736], [78.4118988, 17.4586862], [78.410371, 17.4588258], [78.4092634, 17.4590033], [78.4078495, 17.4592009], [78.4064626, 17.4593907], [78.4060437, 17.4594466]]}}, {"type": "Feature", "properties": {"edge_id": "OSM-E0214", "length_km": 0.027, "usage": "main", "service": null, "gauge": "1676", "electrified": "contact_line", "voltage": "25000", "railway": "rail", "operator": null, "network": null, "u": "GN-0190", "v": "GN-0189"}, "geometry": {"type": "LineString", "coordinates": [[78.4222967, 17.4605617], [78.422055, 17.4605001]]}}, {"type": "Feature", "properties": {"edge_id": "OSM-E0215", "length_km": 1.181, "usage": "main", "service": null, "gauge": "1676", "electrified": "contact_line", "voltage": "25000", "railway": "rail", "operator": null, "network": null, "u": "GN-0100", "v": "GN-0191"}, "geometry": {"type": "LineString", "coordinates": [[78.4611522, 17.4161193], [78.4611724, 17.4161978], [78.4621971, 17.4197278], [78.4627789, 17.4217317], [78.4628588, 17.4220622], [78.4629162, 17.4223652], [78.4629449, 17.4226448], [78.4629449, 17.4230105], [78.4629142, 17.4233546], [78.4628465, 17.4237281], [78.4627379, 17.4241348], [78.4626111, 17.4245006], [78.4619522, 17.4263685]]}}, {"type": "Feature", "properties": {"edge_id": "OSM-E0217", "length_km": 0.013, "usage": "main", "service": null, "gauge": "1676", "electrified": "contact_line", "voltage": "25000", "railway": "rail", "operator": null, "network": null, "u": "GN-0192", "v": "GN-0050"}, "geometry": {"type": "LineString", "coordinates": [[78.4612904, 17.4160905], [78.4612642, 17.4159786]]}}, {"type": "Feature", "properties": {"edge_id": "OSM-E0218", "length_km": 1.183, "usage": "main", "service": null, "gauge": "1676", "electrified": "contact_line", "voltage": "25000", "railway": "rail", "operator": null, "network": null, "u": "GN-0191", "v": "GN-0192"}, "geometry": {"type": "LineString", "coordinates": [[78.4619969, 17.4263864], [78.4626514, 17.4245107], [78.4627789, 17.4241465], [78.4628902, 17.4237342], [78.4629612, 17.4233585], [78.4629915, 17.4230128], [78.4629858, 17.4226409], [78.4629597, 17.4223651], [78.4629074, 17.4220515], [78.4628219, 17.4217238], [78.4622474, 17.4197183], [78.4621844, 17.4194823], [78.4617276, 17.417892], [78.4613014, 17.4161378], [78.4612904, 17.4160905]]}}, {"type": "Feature", "properties": {"edge_id": "OSM-E0219", "length_km": 0.21, "usage": "main", "service": null, "gauge": "1676", "electrified": "contact_line", "voltage": "25000", "railway": "rail", "operator": null, "network": null, "u": "GN-0193", "v": "GN-0048"}, "geometry": {"type": "LineString", "coordinates": [[78.4619068, 17.4264972], [78.4618728, 17.4265937], [78.4617649, 17.4269591], [78.4616935, 17.4273084], [78.4616722, 17.4275331], [78.4616542, 17.4279114], [78.4616614, 17.4281811], [78.4616806, 17.4283582]]}}, {"type": "Feature", "properties": {"edge_id": "OSM-E0220", "length_km": 0.015, "usage": "main", "service": null, "gauge": "1676", "electrified": "contact_line", "voltage": "25000", "railway": "rail", "operator": null, "network": null, "u": "GN-0191", "v": "GN-0193"}, "geometry": {"type": "LineString", "coordinates": [[78.4619522, 17.4263685], [78.4619068, 17.4264972]]}}, {"type": "Feature", "properties": {"edge_id": "OSM-E0221", "length_km": 0.014, "usage": "main", "service": null, "gauge": "1676", "electrified": "contact_line", "voltage": "25000", "railway": "rail", "operator": null, "network": null, "u": "GN-0193", "v": "GN-0191"}, "geometry": {"type": "LineString", "coordinates": [[78.461954, 17.426506], [78.4619969, 17.4263864]]}}, {"type": "Feature", "properties": {"edge_id": "OSM-E0222", "length_km": 0.213, "usage": "main", "service": null, "gauge": "1676", "electrified": "contact_line", "voltage": "25000", "railway": "rail", "operator": null, "network": null, "u": "GN-0048", "v": "GN-0193"}, "geometry": {"type": "LineString", "coordinates": [[78.4617361, 17.4283954], [78.4617131, 17.4282214], [78.4616955, 17.4279188], [78.4617162, 17.4275352], [78.4617423, 17.4273168], [78.4618171, 17.4269691], [78.4619199, 17.4266036], [78.461954, 17.426506]]}}, {"type": "Feature", "properties": {"edge_id": "OSM-E0223", "length_km": 4.076, "usage": "main", "service": null, "gauge": "1676", "electrified": "contact_line", "voltage": "25000", "railway": "rail", "operator": null, "network": null, "u": "GN-0194", "v": "GN-0013"}, "geometry": {"type": "LineString", "coordinates": [[78.5471269, 17.436084], [78.5467676, 17.435732], [78.5465325, 17.4355337], [78.5461764, 17.435277], [78.5458177, 17.435048], [78.5454385, 17.4348492], [78.5450037, 17.4346728], [78.5445848, 17.4345251], [78.5441563, 17.4344155], [78.5394392, 17.4334743], [78.5390076, 17.4334009], [78.5386282, 17.4333664], [78.538406, 17.433362], [78.5380183, 17.4333903], [78.5376733, 17.4334527], [78.5373574, 17.4335371], [78.5369697, 17.4336756], [78.5365758, 17.4338657], [78.5362872, 17.4340445], [78.5360405, 17.4342391], [78.5358266, 17.4344352], [78.5356509, 17.4346196], [78.5346746, 17.4357007], [78.5343504, 17.436009], [78.5340544, 17.4362481], [78.5338295, 17.4363966], [78.5336497, 17.4365059], [78.5333072, 17.4366748], [78.5328925, 17.436831], [78.5326182, 17.4369152], [78.5322885, 17.4369854], [78.5318683, 17.4370425], [78.531397, 17.4370534], [78.5298247, 17.4370457], [78.5292875, 17.4370705], [78.5288914, 17.4371047], [78.5284252, 17.4371736], [78.5279246, 17.437286], [78.5276128, 17.4373775], [78.5272278, 17.4375242], [78.5238757, 17.4388486], [78.5233026, 17.4390696], [78.5229185, 17.4391977], [78.5225154, 17.4392994], [78.5222362, 17.43934], [78.5218361, 17.4393681], [78.5184638, 17.4394033], [78.5180603, 17.4393776], [78.5176788, 17.4393346], [78.5173087, 17.4392628], [78.516905, 17.4391526], [78.5165398, 17.4390202], [78.5162098, 17.4388669], [78.5158971, 17.4386999], [78.5155362, 17.4384572], [78.5152491, 17.4382212], [78.5135418, 17.4366968], [78.5132905, 17.4364973], [78.5130163, 17.4362808], [78.5126847, 17.4360761], [78.5123989, 17.4359371], [78.5122982, 17.4358966]]}}, {"type": "Feature", "properties": {"edge_id": "OSM-E0224", "length_km": 0.034, "usage": "main", "service": null, "gauge": "1676", "electrified": "contact_line", "voltage": "25000", "railway": "rail", "operator": null, "network": null, "u": "GN-0195", "v": "GN-0194"}, "geometry": {"type": "LineString", "coordinates": [[78.5473376, 17.4363169], [78.5471269, 17.436084]]}}, {"type": "Feature", "properties": {"edge_id": "OSM-E0225", "length_km": 0.033, "usage": "main", "service": null, "gauge": "1676", "electrified": "contact_line", "voltage": "25000", "railway": "rail", "operator": null, "network": null, "u": "GN-0194", "v": "GN-0195"}, "geometry": {"type": "LineString", "coordinates": [[78.5470956, 17.4361146], [78.5473005, 17.4363399]]}}, {"type": "Feature", "properties": {"edge_id": "OSM-E0226", "length_km": 4.074, "usage": "main", "service": null, "gauge": "1676", "electrified": "contact_line", "voltage": "25000", "railway": "rail", "operator": null, "network": null, "u": "GN-0013", "v": "GN-0194"}, "geometry": {"type": "LineString", "coordinates": [[78.5122826, 17.4359363], [78.5123725, 17.4359696], [78.5126642, 17.4361113], [78.5129942, 17.4363166], [78.5132754, 17.4365333], [78.513514, 17.4367262], [78.5152073, 17.4382444], [78.5155008, 17.4384861], [78.515872, 17.438734], [78.5161912, 17.4389154], [78.516534, 17.4390737], [78.5168922, 17.4392024], [78.5173021, 17.4393087], [78.5176636, 17.4393759], [78.5180533, 17.4394229], [78.518473, 17.4394466], [78.5218351, 17.4394176], [78.5222193, 17.4393951], [78.522529, 17.4393489], [78.5229244, 17.4392514], [78.5233096, 17.4391169], [78.5238994, 17.4388911], [78.5272507, 17.43756], [78.5276215, 17.4374241], [78.5279218, 17.4373335], [78.5284238, 17.4372183], [78.5288989, 17.4371501], [78.529298, 17.4371154], [78.5298212, 17.4370966], [78.5313837, 17.4370997], [78.5318765, 17.4370804], [78.5322986, 17.4370284], [78.5326178, 17.4369588], [78.5329066, 17.4368795], [78.533335, 17.4367113], [78.5336744, 17.4365427], [78.5338591, 17.4364321], [78.534082, 17.4362771], [78.5343799, 17.4360415], [78.5347066, 17.435732], [78.5356886, 17.4346357], [78.5359358, 17.4343928], [78.536065, 17.4342734], [78.5363152, 17.4340795], [78.5366065, 17.4338968], [78.5369803, 17.4337163], [78.5373595, 17.43358], [78.5376987, 17.4334932], [78.5380323, 17.4334404], [78.5384646, 17.4334071], [78.5386281, 17.4334102], [78.5389923, 17.4334353], [78.5394268, 17.4335107], [78.5441395, 17.4344644], [78.5445638, 17.4345744], [78.5449932, 17.4347213], [78.5454154, 17.4348954], [78.5457938, 17.4350912], [78.5461467, 17.435317], [78.5464991, 17.4355731], [78.5467308, 17.435773], [78.5470956, 17.4361146]]}}, {"type": "Feature", "properties": {"edge_id": "OSM-E0227", "length_km": 0.015, "usage": "main", "service": null, "gauge": "1676", "electrified": "contact_line", "voltage": "25000", "railway": "rail", "operator": null, "network": null, "u": "GN-0196", "v": "GN-0075"}, "geometry": {"type": "LineString", "coordinates": [[78.5441795, 17.4525338], [78.544276, 17.4524307]]}}, {"type": "Feature", "properties": {"edge_id": "OSM-E0228", "length_km": 1.438, "usage": "main", "service": null, "gauge": "1676", "electrified": "contact_line", "voltage": "25000", "railway": "rail", "operator": null, "network": null, "u": "GN-0079", "v": "GN-0196"}, "geometry": {"type": "LineString", "coordinates": [[78.5404187, 17.4642218], [78.5401545, 17.4609733], [78.5401406, 17.460582], [78.5401386, 17.4601229], [78.540148, 17.459807], [78.5401641, 17.4594934], [78.5402141, 17.4590477], [78.5402839, 17.4586334], [78.540372, 17.4582308], [78.5404497, 17.457934], [78.5408593, 17.4565926], [78.5409813, 17.456216], [78.5410966, 17.4559271], [78.5412261, 17.4556686], [78.5413778, 17.4554214], [78.5415635, 17.4551797], [78.5417802, 17.4549461], [78.5438913, 17.4528302], [78.5441795, 17.4525338]]}}, {"type": "Feature", "properties": {"edge_id": "OSM-E0229", "length_km": 4.097, "usage": "main", "service": null, "gauge": "1676", "electrified": "contact_line", "voltage": "25000", "railway": "rail", "operator": null, "network": null, "u": "GN-0197", "v": "GN-0195"}, "geometry": {"type": "LineString", "coordinates": [[78.580183, 17.4459992], [78.5800876, 17.446005], [78.5796643, 17.4460667], [78.5793198, 17.4461452], [78.5788347, 17.4462692], [78.5752436, 17.4473458], [78.5726966, 17.4480969], [78.5686982, 17.4492761], [78.568192, 17.4494161], [78.5676477, 17.449538], [78.5672117, 17.4495932], [78.5668193, 17.4496157], [78.5663867, 17.4496227], [78.5661558, 17.4496136], [78.5659372, 17.4495943], [78.5655838, 17.449542], [78.5652879, 17.4494779], [78.5649679, 17.4493934], [78.5645941, 17.4492753], [78.5642199, 17.4491222], [78.5560773, 17.4450046], [78.5544354, 17.4441803], [78.5540979, 17.4440034], [78.5537162, 17.4437845], [78.5533565, 17.4435325], [78.5530466, 17.4432809], [78.5527875, 17.443044], [78.5525411, 17.4427682], [78.5522789, 17.4424579], [78.5496048, 17.4391176], [78.5492784, 17.4387256], [78.548357, 17.4375874], [78.5477216, 17.436789], [78.5473376, 17.4363169]]}}, {"type": "Feature", "properties": {"edge_id": "OSM-E0230", "length_km": 0.014, "usage": "main", "service": null, "gauge": "1676", "electrified": "contact_line", "voltage": "25000", "railway": "rail", "operator": null, "network": null, "u": "GN-0014", "v": "GN-0197"}, "geometry": {"type": "LineString", "coordinates": [[78.5803117, 17.4459914], [78.580183, 17.4459992]]}}, {"type": "Feature", "properties": {"edge_id": "OSM-E0231", "length_km": 0.013, "usage": "main", "service": null, "gauge": "1676", "electrified": "contact_line", "voltage": "25000", "railway": "rail", "operator": null, "network": null, "u": "GN-0197", "v": "GN-0014"}, "geometry": {"type": "LineString", "coordinates": [[78.5801844, 17.4460397], [78.5803103, 17.4460314]]}}, {"type": "Feature", "properties": {"edge_id": "OSM-E0232", "length_km": 4.102, "usage": "main", "service": null, "gauge": "1676", "electrified": "contact_line", "voltage": "25000", "railway": "rail", "operator": null, "network": null, "u": "GN-0195", "v": "GN-0197"}, "geometry": {"type": "LineString", "coordinates": [[78.5473005, 17.4363399], [78.5483335, 17.4376252], [78.549248, 17.4387458], [78.5495748, 17.4391377], [78.5507939, 17.440664], [78.5522466, 17.4424836], [78.5525087, 17.4427928], [78.5527519, 17.4430634], [78.5530185, 17.4433093], [78.5533289, 17.4435712], [78.5536895, 17.4438243], [78.5540638, 17.4440384], [78.5544069, 17.4442151], [78.5558408, 17.4449296], [78.5642002, 17.4491641], [78.5645654, 17.4493162], [78.56495, 17.4494381], [78.5653159, 17.4495327], [78.5655751, 17.4495905], [78.565933, 17.4496424], [78.5661886, 17.4496633], [78.5663803, 17.4496732], [78.5668221, 17.4496705], [78.5672068, 17.4496433], [78.5676654, 17.4495818], [78.5682039, 17.4494621], [78.5687159, 17.4493208], [78.5735187, 17.4479001], [78.574346, 17.4476555], [78.5744485, 17.4476248], [78.5757017, 17.4472503], [78.5788482, 17.4463098], [78.5793233, 17.4461891], [78.579675, 17.4461137], [78.5800943, 17.4460457], [78.5801844, 17.4460397]]}}, {"type": "Feature", "properties": {"edge_id": "OSM-E0233", "length_km": 0.734, "usage": "main", "service": null, "gauge": "1676", "electrified": "contact_line", "voltage": "25000", "railway": "rail", "operator": null, "network": null, "u": "GN-0197", "v": "GN-0076"}, "geometry": {"type": "LineString", "coordinates": [[78.580191, 17.4460938], [78.5800955, 17.4460998], [78.5796864, 17.4461587], [78.5793351, 17.4462342], [78.578859, 17.446357], [78.576662, 17.447014], [78.5765227, 17.4470556], [78.5740927, 17.4477823], [78.5738406, 17.4478795], [78.5735804, 17.4479981]]}}, {"type": "Feature", "properties": {"edge_id": "OSM-E0234", "length_km": 0.013, "usage": "main", "service": null, "gauge": "1676", "electrified": "contact_line", "voltage": "25000", "railway": "rail", "operator": null, "network": null, "u": "GN-0014", "v": "GN-0197"}, "geometry": {"type": "LineString", "coordinates": [[78.5803145, 17.4460861], [78.580191, 17.4460938]]}}, {"type": "Feature", "properties": {"edge_id": "OSM-E0235", "length_km": 0.013, "usage": "main", "service": null, "gauge": "1676", "electrified": "contact_line", "voltage": "25000", "railway": "rail", "operator": null, "network": null, "u": "GN-0197", "v": "GN-0014"}, "geometry": {"type": "LineString", "coordinates": [[78.5801907, 17.4461389], [78.5803115, 17.4461313]]}}, {"type": "Feature", "properties": {"edge_id": "OSM-E0236", "length_km": 4.478, "usage": "main", "service": null, "gauge": "1676", "electrified": "contact_line", "voltage": "25000", "railway": "rail", "operator": null, "network": null, "u": "GN-0075", "v": "GN-0197"}, "geometry": {"type": "LineString", "coordinates": [[78.5443175, 17.4524642], [78.5444646, 17.4522925], [78.5446005, 17.4521219], [78.5447963, 17.4518546], [78.545039, 17.4514976], [78.5464522, 17.4493863], [78.5473561, 17.4480329], [78.5478294, 17.447322], [78.5481328, 17.446887], [78.5483607, 17.4465932], [78.5486084, 17.4463231], [78.5488579, 17.4460994], [78.5491437, 17.445874], [78.5493857, 17.4457149], [78.5496447, 17.4455699], [78.5499169, 17.4454476], [78.5501901, 17.4453362], [78.5504575, 17.4452493], [78.5507178, 17.4451847], [78.5509712, 17.4451379], [78.5512479, 17.4451045], [78.5515339, 17.4450845], [78.5518129, 17.4450845], [78.5521107, 17.4451012], [78.5524002, 17.445139], [78.5526757, 17.4451947], [78.5529594, 17.4452694], [78.553228, 17.4453607], [78.5535327, 17.4454888], [78.553879, 17.4456672], [78.5582602, 17.4480627], [78.5605636, 17.4493259], [78.5627045, 17.4504774], [78.5629758, 17.4506074], [78.5632454, 17.4507198], [78.5635288, 17.4508109], [78.5638431, 17.45088], [78.5641805, 17.4509256], [78.5645209, 17.4509432], [78.5648552, 17.4509417], [78.5652079, 17.4509294], [78.5669402, 17.4508282], [78.5673127, 17.4508037], [78.5676174, 17.4507726], [78.5679128, 17.4507247], [78.568193, 17.4506668], [78.568451, 17.4506022], [78.5687849, 17.4504952], [78.5691279, 17.4503634], [78.5693774, 17.4502466], [78.5697179, 17.4500801], [78.5705479, 17.4496437], [78.5715724, 17.4491075], [78.5727968, 17.44847], [78.5734907, 17.4481186], [78.5738482, 17.4479439], [78.5741595, 17.447822], [78.5745488, 17.4476831], [78.5774758, 17.4468177], [78.5788722, 17.4464001], [78.5793464, 17.4462778], [78.5796951, 17.4462029], [78.5801005, 17.4461445], [78.5801907, 17.4461389]]}}, {"type": "Feature", "properties": {"edge_id": "OSM-E0237", "length_km": 0.019, "usage": "main", "service": null, "gauge": "1676", "electrified": "contact_line", "voltage": "25000", "railway": "rail", "operator": null, "network": null, "u": "GN-0198", "v": "GN-0015"}, "geometry": {"type": "LineString", "coordinates": [[78.6217821, 17.4561336], [78.621629, 17.4562172]]}}, {"type": "Feature", "properties": {"edge_id": "OSM-E0238", "length_km": 2.422, "usage": "main", "service": null, "gauge": "1676", "electrified": "contact_line", "voltage": "25000", "railway": "rail", "operator": null, "network": null, "u": "GN-0069", "v": "GN-0198"}, "geometry": {"type": "LineString", "coordinates": [[78.6438207, 17.4542995], [78.6418745, 17.4540673], [78.6398349, 17.4538297], [78.6378334, 17.4535967], [78.6355994, 17.4533365], [78.6329711, 17.4530202], [78.6325211, 17.4529723], [78.6319828, 17.4529542], [78.6314966, 17.45297], [78.6311568, 17.4529917], [78.6295496, 17.4531012], [78.6287836, 17.4531759], [78.6281029, 17.4533184], [78.6264107, 17.4538118], [78.6261575, 17.4538993], [78.6258499, 17.4540039], [78.6254983, 17.4541456], [78.6251914, 17.4542879], [78.6249041, 17.4544301], [78.6235852, 17.4551487], [78.6217821, 17.4561336]]}}, {"type": "Feature", "properties": {"edge_id": "OSM-E0239", "length_km": 2.417, "usage": "main", "service": null, "gauge": "1676", "electrified": "contact_line", "voltage": "25000", "railway": "rail", "operator": null, "network": null, "u": "GN-0198", "v": "GN-0069"}, "geometry": {"type": "LineString", "coordinates": [[78.6218054, 17.4561827], [78.6243316, 17.4547989], [78.6249313, 17.4544798], [78.6252089, 17.4543352], [78.6255093, 17.4541897], [78.6258633, 17.4540474], [78.6261697, 17.4539421], [78.626421, 17.4538637], [78.628098, 17.4533785], [78.6287907, 17.4532356], [78.6295351, 17.4531535], [78.6311676, 17.4530382], [78.6315004, 17.4530203], [78.6319797, 17.4530108], [78.6325145, 17.4530342], [78.6329645, 17.4530716], [78.6406455, 17.4539758], [78.6437958, 17.4543468]]}}, {"type": "Feature", "properties": {"edge_id": "OSM-E0240", "length_km": 0.018, "usage": "main", "service": null, "gauge": "1676", "electrified": "contact_line", "voltage": "25000", "railway": "rail", "operator": null, "network": null, "u": "GN-0015", "v": "GN-0198"}, "geometry": {"type": "LineString", "coordinates": [[78.6216558, 17.4562646], [78.6218054, 17.4561827]]}}, {"type": "Feature", "properties": {"edge_id": "OSM-E0241", "length_km": 0.018, "usage": "main", "service": null, "gauge": "1676", "electrified": "contact_line", "voltage": "25000", "railway": "rail", "operator": null, "network": null, "u": "GN-0198", "v": "GN-0015"}, "geometry": {"type": "LineString", "coordinates": [[78.6218326, 17.4562416], [78.6216865, 17.4563219]]}}, {"type": "Feature", "properties": {"edge_id": "OSM-E0242", "length_km": 2.413, "usage": "main", "service": null, "gauge": "1676", "electrified": "contact_line", "voltage": "25000", "railway": "rail", "operator": null, "network": null, "u": "GN-0069", "v": "GN-0198"}, "geometry": {"type": "LineString", "coordinates": [[78.6437754, 17.4544023], [78.6363886, 17.453541], [78.6329667, 17.453129], [78.632406, 17.4530775], [78.6318334, 17.4530634], [78.6311722, 17.4530916], [78.6294267, 17.453212], [78.628999, 17.4532596], [78.6285735, 17.4533267], [78.6281057, 17.4534298], [78.6261883, 17.4539977], [78.625726, 17.454164], [78.6253367, 17.4543381], [78.6249404, 17.4545348], [78.6245625, 17.4547414], [78.6218326, 17.4562416]]}}, {"type": "Feature", "properties": {"edge_id": "OSM-E0243", "length_km": 2.41, "usage": "main", "service": null, "gauge": "1676", "electrified": "contact_line", "voltage": "25000", "railway": "rail", "operator": null, "network": null, "u": "GN-0199", "v": "GN-0168"}, "geometry": {"type": "LineString", "coordinates": [[78.6218552, 17.4562943], [78.6245906, 17.4547881], [78.6248964, 17.454621], [78.6249675, 17.4545822], [78.6253618, 17.4543864], [78.625748, 17.4542137], [78.6262067, 17.4540487], [78.6281204, 17.4534819], [78.6285844, 17.4533796], [78.6290069, 17.453313], [78.629432, 17.4532657], [78.6311755, 17.4531454], [78.6318339, 17.4531173], [78.6324026, 17.4531314], [78.6329605, 17.4531825], [78.6363816, 17.4535945], [78.6437686, 17.4544558]]}}, {"type": "Feature", "properties": {"edge_id": "OSM-E0244", "length_km": 0.017, "usage": "main", "service": null, "gauge": "1676", "electrified": "contact_line", "voltage": "25000", "railway": "rail", "operator": null, "network": null, "u": "GN-0136", "v": "GN-0199"}, "geometry": {"type": "LineString", "coordinates": [[78.621713, 17.4563726], [78.6218552, 17.4562943]]}}, {"type": "Feature", "properties": {"edge_id": "OSM-E0246", "length_km": 0.152, "usage": "main", "service": null, "gauge": "1676", "electrified": "contact_line", "voltage": "25000", "railway": "rail", "operator": null, "network": null, "u": "GN-0201", "v": "GN-0200"}, "geometry": {"type": "LineString", "coordinates": [[78.5142718, 17.5224195], [78.514022, 17.5232], [78.5138755, 17.5237359]]}}, {"type": "Feature", "properties": {"edge_id": "OSM-E0247", "length_km": 0.152, "usage": "main", "service": null, "gauge": "1676", "electrified": "contact_line", "voltage": "25000", "railway": "rail", "operator": null, "network": null, "u": "GN-0200", "v": "GN-0201"}, "geometry": {"type": "LineString", "coordinates": [[78.5139408, 17.5237507], [78.5143393, 17.5224351]]}}, {"type": "Feature", "properties": {"edge_id": "OSM-E0249", "length_km": 0.596, "usage": "main", "service": null, "gauge": "1676", "electrified": "contact_line", "voltage": "25000", "railway": "rail", "operator": null, "network": null, "u": "GN-0201", "v": "GN-0044"}, "geometry": {"type": "LineString", "coordinates": [[78.5143616, 17.5223615], [78.51437, 17.5223337], [78.515098, 17.5198948], [78.5157762, 17.5176976], [78.5159225, 17.5172124]]}}, {"type": "Feature", "properties": {"edge_id": "OSM-E0252", "length_km": 0.596, "usage": "main", "service": null, "gauge": "1676", "electrified": "contact_line", "voltage": "25000", "railway": "rail", "operator": null, "network": null, "u": "GN-0044", "v": "GN-0201"}, "geometry": {"type": "LineString", "coordinates": [[78.5158756, 17.5171985], [78.5157346, 17.5176876], [78.5150657, 17.5198335], [78.5147667, 17.5207757], [78.5142945, 17.5223441]]}}, {"type": "Feature", "properties": {"edge_id": "OSM-E0254", "length_km": 0.722, "usage": "main", "service": null, "gauge": "1676", "electrified": "contact_line", "voltage": "25000", "railway": "rail", "operator": null, "network": null, "u": "GN-0202", "v": "GN-0200"}, "geometry": {"type": "LineString", "coordinates": [[78.5145294, 17.530199], [78.514032, 17.5283955], [78.5139033, 17.5278993], [78.5138202, 17.5275976], [78.5137692, 17.5273724], [78.5137102, 17.527109], [78.5136673, 17.5267816], [78.5136404, 17.5264312], [78.513619, 17.5260475], [78.5136243, 17.5256076], [78.5136404, 17.5253211], [78.5136726, 17.5249426], [78.5137477, 17.5245282], [78.5138175, 17.5241855], [78.5139167, 17.5238356]]}}, {"type": "Feature", "properties": {"edge_id": "OSM-E0255", "length_km": 1.852, "usage": "main", "service": null, "gauge": "1676", "electrified": "contact_line", "voltage": "25000", "railway": "rail", "operator": null, "network": null, "u": "GN-0200", "v": "GN-0135"}, "geometry": {"type": "LineString", "coordinates": [[78.5138506, 17.5238187], [78.513802, 17.52398], [78.5136999, 17.5245031], [78.5136171, 17.52503], [78.5135676, 17.5254203], [78.5135573, 17.5257748], [78.5135685, 17.5262776], [78.5136098, 17.5266027], [78.5136434, 17.5269431], [78.5137154, 17.5273582], [78.5137715, 17.527606], [78.5138773, 17.5280434], [78.5144726, 17.5301632], [78.5147581, 17.5312111], [78.5149399, 17.5318646], [78.515352, 17.5333291], [78.5160845, 17.5359402], [78.516187, 17.5363699], [78.5162559, 17.5367554], [78.516294, 17.5369949], [78.516332, 17.537352], [78.5163571, 17.5377211], [78.5163444, 17.5381078], [78.5163265, 17.5385889], [78.51629, 17.538965], [78.5162434, 17.5392153], [78.5162002, 17.5394501], [78.5161529, 17.5396624], [78.516033, 17.5400998]]}}, {"type": "Feature", "properties": {"edge_id": "OSM-E0257", "length_km": 0.225, "usage": null, "service": null, "gauge": "1676", "electrified": "contact_line", "voltage": "25000", "railway": "rail", "operator": null, "network": null, "u": "GN-0203", "v": "GN-0204"}, "geometry": {"type": "LineString", "coordinates": [[78.2819614, 17.5076982], [78.2820189, 17.5083224], [78.2820323, 17.5084836], [78.2820605, 17.5087509], [78.2821034, 17.5091064], [78.2821637, 17.5094812], [78.2822075, 17.5097097]]}}, {"type": "Feature", "properties": {"edge_id": "OSM-E0258", "length_km": 0.061, "usage": "main", "service": null, "gauge": "1676", "electrified": "contact_line", "voltage": "25000", "railway": "rail", "operator": null, "network": null, "u": "GN-0205", "v": "GN-0206"}, "geometry": {"type": "LineString", "coordinates": [[78.517011, 17.4306942], [78.5166421, 17.4311131]]}}, {"type": "Feature", "properties": {"edge_id": "OSM-E0259", "length_km": 0.06, "usage": "main", "service": null, "gauge": "1676", "electrified": "contact_line", "voltage": "25000", "railway": "rail", "operator": null, "network": null, "u": "GN-0207", "v": "GN-0208"}, "geometry": {"type": "LineString", "coordinates": [[78.514891, 17.4376606], [78.5145047, 17.4372614]]}}, {"type": "Feature", "properties": {"edge_id": "OSM-E0260", "length_km": 0.072, "usage": null, "service": null, "gauge": null, "electrified": null, "voltage": null, "railway": "rail", "operator": null, "network": null, "u": "GN-0209", "v": "GN-0210"}, "geometry": {"type": "LineString", "coordinates": [[78.3587053, 17.4827525], [78.3580267, 17.4827072]]}}, {"type": "Feature", "properties": {"edge_id": "OSM-E0261", "length_km": 6.058, "usage": "main", "service": null, "gauge": "1676", "electrified": "contact_line", "voltage": "25000", "railway": "rail", "operator": null, "network": null, "u": "GN-0211", "v": "GN-0212"}, "geometry": {"type": "LineString", "coordinates": [[78.5049097, 17.4922134], [78.5044471, 17.4922629], [78.5040709, 17.4923128], [78.503741, 17.4923691], [78.5033573, 17.4924566], [78.5029632, 17.4925801], [78.5024879, 17.4927667], [78.5021505, 17.4929395], [78.5018393, 17.49312], [78.501585, 17.4932972], [78.5013104, 17.4935011], [78.501032, 17.4937479], [78.5007919, 17.4939948], [78.5005601, 17.4942564], [78.5003507, 17.4945372], [78.5001394, 17.494859], [78.4999419, 17.4952019], [78.4997455, 17.4955647], [78.496952, 17.5009218], [78.496605, 17.501591], [78.4964274, 17.5019211], [78.4962406, 17.5022465], [78.4960478, 17.5025405], [78.4958127, 17.5028442], [78.4955727, 17.5031152], [78.4952671, 17.5034112], [78.4949613, 17.5036713], [78.4946903, 17.503865], [78.4944198, 17.5040341], [78.4942596, 17.5041252], [78.4940944, 17.5042092], [78.4938535, 17.5043235], [78.4935483, 17.5044479], [78.4932563, 17.5045505], [78.492913, 17.5046501], [78.492517, 17.5047422], [78.4921789, 17.5047933], [78.4918975, 17.5048232], [78.491653, 17.5048349], [78.4914094, 17.5048354], [78.4910814, 17.5048222], [78.4907276, 17.5047843], [78.4904058, 17.5047305], [78.4900984, 17.5046636], [78.4897832, 17.5045731], [78.4894145, 17.5044442], [78.4891101, 17.504321], [78.4888219, 17.5041939], [78.4883641, 17.5039742], [78.4864298, 17.5030335], [78.4760188, 17.4980835], [78.4756805, 17.4979152], [78.4753874, 17.497759], [78.4751395, 17.497613], [78.4749395, 17.4974738], [78.4747088, 17.4972794], [78.4745063, 17.4970735], [78.4743181, 17.4968482], [78.4741576, 17.496622], [78.4740228, 17.4963829], [78.4738961, 17.4961039], [78.4738049, 17.49582], [78.4737459, 17.4955552], [78.4737066, 17.4952837], [78.4734998, 17.4936958], [78.4731378, 17.4908563], [78.4729388, 17.4892219], [78.4727884, 17.4880482], [78.4720812, 17.4823948], [78.472033, 17.4820232], [78.471977, 17.4816602], [78.4719047, 17.4812583], [78.4718182, 17.4808506], [78.47167, 17.4802183]]}}, {"type": "Feature", "properties": {"edge_id": "OSM-E0262", "length_km": 0.597, "usage": "main", "service": null, "gauge": "1676", "electrified": "contact_line", "voltage": "25000", "railway": "rail", "operator": null, "network": null, "u": "GN-0088", "v": "GN-0162"}, "geometry": {"type": "LineString", "coordinates": [[78.5061935, 17.4343613], [78.5066308, 17.4344665], [78.5067261, 17.4344908], [78.5080712, 17.4348331], [78.5094401, 17.4351755], [78.5116393, 17.4357215]]}}, {"type": "Feature", "properties": {"edge_id": "OSM-E0263", "length_km": 0.116, "usage": "main", "service": null, "gauge": "1676", "electrified": "contact_line", "voltage": "25000", "railway": "rail", "operator": null, "network": null, "u": "GN-0086", "v": "GN-0152"}, "geometry": {"type": "LineString", "coordinates": [[78.5047914, 17.4339687], [78.5049206, 17.4339987], [78.5050907, 17.43403], [78.5054635, 17.4340956], [78.505857, 17.4341842]]}}, {"type": "Feature", "properties": {"edge_id": "OSM-E0264", "length_km": 0.042, "usage": "main", "service": null, "gauge": "1676", "electrified": "contact_line", "voltage": "25000", "railway": "rail", "operator": null, "network": null, "u": "GN-0154", "v": "GN-0090"}, "geometry": {"type": "LineString", "coordinates": [[78.4975666, 17.4320725], [78.4977688, 17.4321262], [78.4979442, 17.4321872]]}}, {"type": "Feature", "properties": {"edge_id": "OSM-E0265", "length_km": 0.055, "usage": "main", "service": null, "gauge": "1676", "electrified": "contact_line", "voltage": "25000", "railway": "rail", "operator": null, "network": null, "u": "GN-0096", "v": "GN-0007"}, "geometry": {"type": "LineString", "coordinates": [[78.5061199, 17.4341478], [78.5063159, 17.43423], [78.5066073, 17.4343278]]}}, {"type": "Feature", "properties": {"edge_id": "OSM-E0266", "length_km": 0.131, "usage": "main", "service": null, "gauge": "1676", "electrified": "contact_line", "voltage": "25000", "railway": "rail", "operator": null, "network": null, "u": "GN-0160", "v": "GN-0006"}, "geometry": {"type": "LineString", "coordinates": [[78.5093725, 17.4342704], [78.5105544, 17.4339448]]}}, {"type": "Feature", "properties": {"edge_id": "OSM-E0267", "length_km": 0.067, "usage": "main", "service": null, "gauge": "1676", "electrified": "contact_line", "voltage": "25000", "railway": "rail", "operator": null, "network": null, "u": "GN-0006", "v": "GN-0035"}, "geometry": {"type": "LineString", "coordinates": [[78.5105386, 17.4339065], [78.5099309, 17.4340734]]}}, {"type": "Feature", "properties": {"edge_id": "OSM-E0268", "length_km": 0.203, "usage": "branch", "service": null, "gauge": "1676", "electrified": "contact_line", "voltage": "25000", "railway": "rail", "operator": null, "network": null, "u": "GN-0213", "v": "GN-0204"}, "geometry": {"type": "LineString", "coordinates": [[78.282609, 17.5114827], [78.2825339, 17.5112602], [78.2824393, 17.5109441], [78.2823488, 17.5106092], [78.2822616, 17.5102473], [78.2821879, 17.5098738], [78.2821597, 17.5097127]]}}, {"type": "Feature", "properties": {"edge_id": "OSM-E0269", "length_km": 0.1, "usage": "branch", "service": null, "gauge": "1676", "electrified": "contact_line", "voltage": "25000", "railway": "rail", "operator": null, "network": null, "u": "GN-0134", "v": "GN-0112"}, "geometry": {"type": "LineString", "coordinates": [[78.2906185, 17.4749326], [78.2915043, 17.4752299]]}}, {"type": "Feature", "properties": {"edge_id": "OSM-E0270", "length_km": 0.053, "usage": "main", "service": null, "gauge": "1676", "electrified": "contact_line", "voltage": "25000", "railway": "rail", "operator": null, "network": null, "u": "GN-0112", "v": "GN-0116"}, "geometry": {"type": "LineString", "coordinates": [[78.2915043, 17.4752299], [78.291966, 17.4754222]]}}, {"type": "Feature", "properties": {"edge_id": "OSM-E0271", "length_km": 2.166, "usage": "main", "service": null, "gauge": "1676", "electrified": "contact_line", "voltage": "25000", "railway": "rail", "operator": null, "network": null, "u": "GN-0116", "v": "GN-0084"}, "geometry": {"type": "LineString", "coordinates": [[78.291966, 17.4754222], [78.29276, 17.4757581], [78.2990266, 17.4782988], [78.3037555, 17.4802267], [78.3046328, 17.480491], [78.3053346, 17.4806319], [78.3057912, 17.4806836], [78.3076108, 17.4808571], [78.3097466, 17.481031], [78.3112764, 17.4811611]]}}, {"type": "Feature", "properties": {"edge_id": "OSM-E0272", "length_km": 2.071, "usage": "main", "service": null, "gauge": "1676", "electrified": "contact_line", "voltage": "25000", "railway": "rail", "operator": null, "network": null, "u": "GN-0084", "v": "GN-0110"}, "geometry": {"type": "LineString", "coordinates": [[78.3112779, 17.4811134], [78.3097496, 17.480978], [78.3076221, 17.4808081], [78.3057862, 17.4806362], [78.3053223, 17.4805736], [78.3048198, 17.4804785], [78.304449, 17.4803851], [78.3041027, 17.480281], [78.3034534, 17.4800494], [78.302996, 17.4798627], [78.3020644, 17.4794624], [78.3007018, 17.4789131], [78.299151, 17.4782938], [78.2976566, 17.4776906], [78.2966742, 17.4773118], [78.2959063, 17.4769725], [78.2946265, 17.4764537], [78.2927853, 17.4757198]]}}, {"type": "Feature", "properties": {"edge_id": "OSM-E0273", "length_km": 0.097, "usage": "main", "service": null, "gauge": "1676", "electrified": "contact_line", "voltage": "25000", "railway": "rail", "operator": null, "network": null, "u": "GN-0150", "v": "GN-0083"}, "geometry": {"type": "LineString", "coordinates": [[78.3154414, 17.4822128], [78.3146072, 17.4818541]]}}, {"type": "Feature", "properties": {"edge_id": "OSM-E0274", "length_km": 0.053, "usage": "main", "service": null, "gauge": "1676", "electrified": "contact_line", "voltage": "25000", "railway": "rail", "operator": "Indian Railway", "network": null, "u": "GN-0214", "v": "GN-0149"}, "geometry": {"type": "LineString", "coordinates": [[78.3223277, 17.4854361], [78.3218811, 17.4852285]]}}, {"type": "Feature", "properties": {"edge_id": "OSM-E0275", "length_km": 0.225, "usage": "branch", "service": null, "gauge": "1676", "electrified": "contact_line", "voltage": "25000", "railway": "rail", "operator": null, "network": null, "u": "GN-0204", "v": "GN-0203"}, "geometry": {"type": "LineString", "coordinates": [[78.2821597, 17.5097127], [78.2821208, 17.5094837], [78.2820551, 17.5091064], [78.2820127, 17.5087598], [78.2819773, 17.508481], [78.2819653, 17.5083237], [78.2819614, 17.5076982]]}}, {"type": "Feature", "properties": {"edge_id": "OSM-E0276", "length_km": 0.202, "usage": null, "service": null, "gauge": "1676", "electrified": "contact_line", "voltage": "25000", "railway": "rail", "operator": null, "network": null, "u": "GN-0204", "v": "GN-0213"}, "geometry": {"type": "LineString", "coordinates": [[78.2822075, 17.5097097], [78.2822372, 17.5098543], [78.2823099, 17.510237], [78.2823998, 17.5106041], [78.2824869, 17.5109341], [78.2825835, 17.5112448], [78.2826606, 17.5114712]]}}, {"type": "Feature", "properties": {"edge_id": "OSM-E0277", "length_km": 0.04, "usage": "main", "service": null, "gauge": "1676", "electrified": "contact_line", "voltage": "25000", "railway": "rail", "operator": null, "network": null, "u": "GN-0007", "v": "GN-0159"}, "geometry": {"type": "LineString", "coordinates": [[78.5066073, 17.4343278], [78.506971, 17.4344106]]}}, {"type": "Feature", "properties": {"edge_id": "OSM-E0278", "length_km": 0.299, "usage": "main", "service": null, "gauge": "1676", "electrified": "contact_line", "voltage": "25000", "railway": "rail", "operator": null, "network": null, "u": "GN-0007", "v": "GN-0161"}, "geometry": {"type": "LineString", "coordinates": [[78.506511, 17.4343493], [78.5092358, 17.4350373]]}}, {"type": "Feature", "properties": {"edge_id": "OSM-E0279", "length_km": 0.053, "usage": "main", "service": null, "gauge": "1676", "electrified": "contact_line", "voltage": "25000", "railway": "rail", "operator": null, "network": null, "u": "GN-0090", "v": "GN-0087"}, "geometry": {"type": "LineString", "coordinates": [[78.4979442, 17.4321872], [78.4982075, 17.4322998], [78.498403, 17.4323817]]}}, {"type": "Feature", "properties": {"edge_id": "OSM-E0280", "length_km": 0.03, "usage": "main", "service": null, "gauge": "1676", "electrified": "contact_line", "voltage": "25000", "railway": "rail", "operator": null, "network": null, "u": "GN-0215", "v": "GN-0089"}, "geometry": {"type": "LineString", "coordinates": [[78.4989057, 17.4325274], [78.4986428, 17.4324251]]}}, {"type": "Feature", "properties": {"edge_id": "OSM-E0281", "length_km": 0.094, "usage": "main", "service": null, "gauge": "1676", "electrified": "contact_line", "voltage": "25000", "railway": "rail", "operator": null, "network": null, "u": "GN-0089", "v": "GN-0151"}, "geometry": {"type": "LineString", "coordinates": [[78.4986428, 17.4324251], [78.4983199, 17.4322777], [78.4980474, 17.4321634], [78.4978303, 17.432085]]}}, {"type": "Feature", "properties": {"edge_id": "OSM-E0282", "length_km": 0.208, "usage": "main", "service": null, "gauge": "1676", "electrified": "contact_line", "voltage": "25000", "railway": "rail", "operator": null, "network": null, "u": "GN-0148", "v": "GN-0216"}, "geometry": {"type": "LineString", "coordinates": [[78.3214429, 17.4850728], [78.3223014, 17.4854775], [78.3231961, 17.4859032]]}}, {"type": "Feature", "properties": {"edge_id": "OSM-E0283", "length_km": 0.038, "usage": "main", "service": null, "gauge": "1676", "electrified": "contact_line", "voltage": "25000", "railway": "rail", "operator": "Indian Railway", "network": null, "u": "GN-0217", "v": "GN-0214"}, "geometry": {"type": "LineString", "coordinates": [[78.3226459, 17.4855883], [78.3223277, 17.4854361]]}}, {"type": "Feature", "properties": {"edge_id": "OSM-E0284", "length_km": 1.694, "usage": "main", "service": null, "gauge": "1676", "electrified": "contact_line", "voltage": "25000", "railway": "rail", "operator": null, "network": null, "u": "GN-0142", "v": "GN-0140"}, "geometry": {"type": "LineString", "coordinates": [[78.4742132, 17.6340944], [78.4741791, 17.6340123], [78.474057, 17.633735], [78.4738101, 17.6332387], [78.4736405, 17.6329449], [78.4693859, 17.6248889], [78.4690013, 17.6241607], [78.4670565, 17.6204782]]}}, {"type": "Feature", "properties": {"edge_id": "OSM-E0285", "length_km": 0.082, "usage": "main", "service": null, "gauge": "1676", "electrified": "contact_line", "voltage": "25000", "railway": "rail", "operator": null, "network": null, "u": "GN-0143", "v": "GN-0218"}, "geometry": {"type": "LineString", "coordinates": [[78.4744727, 17.6349531], [78.4745143, 17.6350961], [78.4746069, 17.6354553], [78.4746484, 17.6356738]]}}, {"type": "Feature", "properties": {"edge_id": "OSM-E0286", "length_km": 1.115, "usage": "main", "service": null, "gauge": "1676", "electrified": "contact_line", "voltage": "25000", "railway": "rail", "operator": null, "network": null, "u": "GN-0218", "v": "GN-0219"}, "geometry": {"type": "LineString", "coordinates": [[78.4746484, 17.6356738], [78.4746981, 17.6359729], [78.4747477, 17.6363487], [78.4751223, 17.6402806], [78.4755416, 17.6446815], [78.4755537, 17.6448131], [78.4756892, 17.6456539]]}}, {"type": "Feature", "properties": {"edge_id": "OSM-E0287", "length_km": 0.965, "usage": "main", "service": null, "gauge": "1676", "electrified": "contact_line", "voltage": "25000", "railway": "rail", "operator": null, "network": null, "u": "GN-0092", "v": "GN-0220"}, "geometry": {"type": "LineString", "coordinates": [[78.5221038, 17.4910574], [78.5217085, 17.4913035], [78.5214772, 17.4914699], [78.5211642, 17.4917123], [78.5208001, 17.4920542], [78.5205175, 17.4923436], [78.5202349, 17.4926909], [78.5200718, 17.4929152], [78.5199163, 17.4931504], [78.519628, 17.4937021], [78.5192775, 17.4944828], [78.5189518, 17.4951964], [78.5185062, 17.496194], [78.517922, 17.497464], [78.5175141, 17.4983608]]}}, {"type": "Feature", "properties": {"edge_id": "OSM-E0288", "length_km": 2.185, "usage": "main", "service": null, "gauge": "1676", "electrified": "contact_line", "voltage": "25000", "railway": "rail", "operator": null, "network": null, "u": "GN-0220", "v": "GN-0044"}, "geometry": {"type": "LineString", "coordinates": [[78.5175141, 17.4983608], [78.5173914, 17.4986454], [78.5170032, 17.4995293], [78.5162132, 17.5012651], [78.5153727, 17.5030882], [78.5147072, 17.5045314], [78.5145014, 17.5051499], [78.514419, 17.505539], [78.5143786, 17.5058244], [78.5143429, 17.5066038], [78.5143449, 17.5068702], [78.5143641, 17.5072752], [78.5144342, 17.5077884], [78.5145915, 17.5084493], [78.5147824, 17.5090276], [78.515281, 17.5104185], [78.5155942, 17.5112685], [78.5159044, 17.512179], [78.5161183, 17.5128905], [78.5162173, 17.5134401], [78.5163074, 17.514224], [78.516319, 17.514431], [78.5163251, 17.5147109], [78.5163053, 17.5151778], [78.516276, 17.5155047], [78.5162355, 17.5158013], [78.5161567, 17.5162227], [78.5160688, 17.5165506], [78.5159037, 17.5171042]]}}, {"type": "Feature", "properties": {"edge_id": "OSM-E0289", "length_km": 1.022, "usage": "main", "service": null, "gauge": "1676", "electrified": "contact_line", "voltage": "25000", "railway": "rail", "operator": null, "network": null, "u": "GN-0221", "v": "GN-0202"}, "geometry": {"type": "LineString", "coordinates": [[78.5163122, 17.5391647], [78.5163568, 17.5387784], [78.5163887, 17.5384408], [78.5164015, 17.538015], [78.5164015, 17.5377474], [78.5163855, 17.5374858], [78.5163472, 17.5370813], [78.5163122, 17.536768], [78.5162228, 17.5363361], [78.5161171, 17.5359271], [78.5147986, 17.5312033], [78.5145294, 17.530199]]}}, {"type": "Feature", "properties": {"edge_id": "OSM-E0290", "length_km": 0.249, "usage": "main", "service": null, "gauge": "1676", "electrified": "contact_line", "voltage": "25000", "railway": "rail", "operator": null, "network": null, "u": "GN-0097", "v": "GN-0221"}, "geometry": {"type": "LineString", "coordinates": [[78.5156124, 17.5412964], [78.5158688, 17.5407462], [78.5159868, 17.5404208], [78.5160984, 17.540068], [78.5161431, 17.5398946], [78.5162516, 17.5394323], [78.5163122, 17.5391647]]}}, {"type": "Feature", "properties": {"edge_id": "OSM-E0291", "length_km": 0.014, "usage": "main", "service": null, "gauge": "1676", "electrified": "contact_line", "voltage": "25000", "railway": "rail", "operator": null, "network": null, "u": "GN-0115", "v": "GN-0114"}, "geometry": {"type": "LineString", "coordinates": [[78.5127181, 17.4913859], [78.5128475, 17.4913715]]}}, {"type": "Feature", "properties": {"edge_id": "OSM-E0293", "length_km": 0.823, "usage": "main", "service": null, "gauge": "1676", "electrified": "contact_line", "voltage": "25000", "railway": "rail", "operator": null, "network": null, "u": "GN-0211", "v": "GN-0115"}, "geometry": {"type": "LineString", "coordinates": [[78.5050114, 17.4922568], [78.5127181, 17.4913859]]}}, {"type": "Feature", "properties": {"edge_id": "OSM-E0295", "length_km": 0.824, "usage": "main", "service": null, "gauge": "1676", "electrified": "contact_line", "voltage": "25000", "railway": "rail", "operator": null, "network": null, "u": "GN-0115", "v": "GN-0211"}, "geometry": {"type": "LineString", "coordinates": [[78.5127162, 17.4913274], [78.5050022, 17.4922031]]}}, {"type": "Feature", "properties": {"edge_id": "OSM-E0296", "length_km": 6.065, "usage": "main", "service": null, "gauge": "1676", "electrified": "contact_line", "voltage": "25000", "railway": "rail", "operator": null, "network": null, "u": "GN-0212", "v": "GN-0211"}, "geometry": {"type": "LineString", "coordinates": [[78.4716203, 17.4802383], [78.4717596, 17.4808657], [78.4718417, 17.481272], [78.4719134, 17.4816676], [78.4719735, 17.4820299], [78.4720227, 17.4824012], [78.4727378, 17.4880504], [78.4728842, 17.4892289], [78.473088, 17.4908622], [78.4736373, 17.4952892], [78.4736828, 17.4955667], [78.4737459, 17.4958341], [78.4738357, 17.4961219], [78.4739658, 17.4964122], [78.474104, 17.4966475], [78.4742689, 17.4968855], [78.474462, 17.4971106], [78.4746739, 17.4973216], [78.4749059, 17.4975135], [78.4751084, 17.4976542], [78.4753619, 17.4978025], [78.4756596, 17.4979535], [78.4760011, 17.4981206], [78.4864061, 17.503083], [78.488343, 17.5040192], [78.4887978, 17.5042408], [78.4890862, 17.5043733], [78.4893906, 17.5045007], [78.4897613, 17.5046332], [78.4900816, 17.5047201], [78.4903922, 17.5047868], [78.4907178, 17.5048383], [78.4910752, 17.5048771], [78.4914124, 17.5048914], [78.491653, 17.5048889], [78.4918942, 17.5048775], [78.492183, 17.5048484], [78.4925307, 17.5047961], [78.4929271, 17.5047058], [78.4932749, 17.5046071], [78.4935695, 17.5045033], [78.4938756, 17.5043759], [78.4941128, 17.5042611], [78.4942835, 17.5041725], [78.4944499, 17.5040754], [78.494718, 17.5039025], [78.4949949, 17.5037059], [78.4953055, 17.5034476], [78.4956134, 17.5031506], [78.4958576, 17.5028755], [78.4960974, 17.5025675], [78.4962929, 17.5022739], [78.4964822, 17.5019456], [78.4966574, 17.5016148], [78.4970218, 17.5009142], [78.4997927, 17.4955905], [78.4999876, 17.495222], [78.5001838, 17.4948823], [78.5003986, 17.4945605], [78.5006069, 17.4942864], [78.5008241, 17.4940421], [78.5010789, 17.4937888], [78.5013565, 17.4935471], [78.5016261, 17.4933463], [78.5018742, 17.49318], [78.5021853, 17.492992], [78.5025166, 17.4928231], [78.50299, 17.4926313], [78.5033816, 17.492511], [78.5037504, 17.4924241], [78.5040776, 17.4923665], [78.5044532, 17.4923166], [78.5049118, 17.492268]]}}, {"type": "Feature", "properties": {"edge_id": "OSM-E0297", "length_km": 0.058, "usage": "main", "service": null, "gauge": "1676", "electrified": "contact_line", "voltage": "25000", "railway": "rail", "operator": null, "network": null, "u": "GN-0107", "v": "GN-0222"}, "geometry": {"type": "LineString", "coordinates": [[78.5181846, 17.490779], [78.5187265, 17.4907139]]}}, {"type": "Feature", "properties": {"edge_id": "OSM-E0298", "length_km": 0.015, "usage": "main", "service": null, "gauge": "1676", "electrified": "contact_line", "voltage": "25000", "railway": "rail", "operator": null, "network": null, "u": "GN-0108", "v": "GN-0107"}, "geometry": {"type": "LineString", "coordinates": [[78.5180484, 17.4907954], [78.5181846, 17.490779]]}}, {"type": "Feature", "properties": {"edge_id": "OSM-E0299", "length_km": 0.555, "usage": "main", "service": null, "gauge": "1676", "electrified": "contact_line", "voltage": "25000", "railway": "rail", "operator": null, "network": null, "u": "GN-0114", "v": "GN-0108"}, "geometry": {"type": "LineString", "coordinates": [[78.5128475, 17.4913715], [78.5165159, 17.4909628], [78.5174941, 17.4908546], [78.5180484, 17.4907954]]}}, {"type": "Feature", "properties": {"edge_id": "OSM-E0300", "length_km": 0.938, "usage": "main", "service": null, "gauge": "1676", "electrified": "contact_line", "voltage": "25000", "railway": "rail", "operator": null, "network": null, "u": "GN-0222", "v": "GN-0223"}, "geometry": {"type": "LineString", "coordinates": [[78.5187265, 17.4907139], [78.5202031, 17.490547], [78.5206211, 17.4904887], [78.5209903, 17.4904069], [78.5213616, 17.4903058], [78.5216743, 17.4901895], [78.5219854, 17.4900654], [78.5222872, 17.4899132], [78.5225795, 17.4897482], [78.5228625, 17.4895665], [78.5231307, 17.4893657], [78.5234191, 17.4891189], [78.5236014, 17.4889436], [78.5238053, 17.4887262], [78.5240373, 17.4884409], [78.5242385, 17.4881787], [78.5248178, 17.4873793], [78.525648, 17.4862562]]}}, {"type": "Feature", "properties": {"edge_id": "OSM-E0301", "length_km": 0.043, "usage": "main", "service": null, "gauge": "1676", "electrified": "contact_line", "voltage": "25000", "railway": "rail", "operator": null, "network": null, "u": "GN-0038", "v": "GN-0037"}, "geometry": {"type": "LineString", "coordinates": [[78.5270118, 17.4844775], [78.5272828, 17.4841851]]}}, {"type": "Feature", "properties": {"edge_id": "OSM-E0302", "length_km": 0.245, "usage": "main", "service": null, "gauge": "1676", "electrified": "contact_line", "voltage": "25000", "railway": "rail", "operator": null, "network": null, "u": "GN-0223", "v": "GN-0038"}, "geometry": {"type": "LineString", "coordinates": [[78.525648, 17.4862562], [78.5256962, 17.4861884], [78.5263582, 17.4852893], [78.5265097, 17.4850886], [78.5267631, 17.4847704], [78.5270118, 17.4844775]]}}, {"type": "Feature", "properties": {"edge_id": "OSM-E0303", "length_km": 0.054, "usage": "main", "service": null, "gauge": "1676", "electrified": "contact_line", "voltage": "25000", "railway": "rail", "operator": null, "network": null, "u": "GN-0039", "v": "GN-0078"}, "geometry": {"type": "LineString", "coordinates": [[78.5323779, 17.4796162], [78.5328738, 17.4795026]]}}, {"type": "Feature", "properties": {"edge_id": "OSM-E0304", "length_km": 0.752, "usage": "main", "service": null, "gauge": "1676", "electrified": "contact_line", "voltage": "25000", "railway": "rail", "operator": null, "network": null, "u": "GN-0037", "v": "GN-0039"}, "geometry": {"type": "LineString", "coordinates": [[78.5272828, 17.4841851], [78.5276636, 17.4837811], [78.5280298, 17.4833844], [78.5290809, 17.4822232], [78.5293771, 17.481903], [78.5302547, 17.4809711], [78.5304815, 17.4807344], [78.5307033, 17.4805228], [78.5309791, 17.4802965], [78.5312394, 17.4801114], [78.5315291, 17.4799409], [78.5318264, 17.4798028], [78.5320991, 17.4797014], [78.5323779, 17.4796162]]}}, {"type": "Feature", "properties": {"edge_id": "OSM-E0305", "length_km": 0.027, "usage": "main", "service": null, "gauge": "1676", "electrified": "contact_line", "voltage": "25000", "railway": "rail", "operator": null, "network": null, "u": "GN-0077", "v": "GN-0079"}, "geometry": {"type": "LineString", "coordinates": [[78.5404917, 17.4644613], [78.5404742, 17.4642174]]}}, {"type": "Feature", "properties": {"edge_id": "OSM-E0306", "length_km": 2.098, "usage": "main", "service": null, "gauge": "1676", "electrified": "contact_line", "voltage": "25000", "railway": "rail", "operator": null, "network": null, "u": "GN-0078", "v": "GN-0077"}, "geometry": {"type": "LineString", "coordinates": [[78.5328738, 17.4795026], [78.5346144, 17.479104], [78.5349117, 17.4790348], [78.5354338, 17.4788829], [78.5357114, 17.4787714], [78.5359544, 17.4786414], [78.5362212, 17.4784866], [78.5364667, 17.4783139], [78.5366893, 17.4781322], [78.5368676, 17.4779762], [78.5370433, 17.4777945], [78.5373048, 17.4774747], [78.5376782, 17.4769995], [78.5392677, 17.4748972], [78.5398936, 17.4740595], [78.5401331, 17.4737142], [78.5403059, 17.4734272], [78.5405063, 17.4730452], [78.540639, 17.472722], [78.5407256, 17.4724655], [78.5407998, 17.4721882], [78.5408628, 17.4719187], [78.5409289, 17.4714941], [78.5409584, 17.4711315], [78.5409563, 17.4708465], [78.5409279, 17.4704112], [78.5408112, 17.4690246], [78.5406909, 17.4669887], [78.5406455, 17.4663008], [78.5405747, 17.4654452], [78.5404917, 17.4644613]]}}, {"type": "Feature", "properties": {"edge_id": "OSM-E0307", "length_km": 0.015, "usage": "main", "service": null, "gauge": "1676", "electrified": "contact_line", "voltage": "25000", "railway": "rail", "operator": null, "network": null, "u": "GN-0196", "v": "GN-0075"}, "geometry": {"type": "LineString", "coordinates": [[78.5442263, 17.4525652], [78.5443175, 17.4524642]]}}, {"type": "Feature", "properties": {"edge_id": "OSM-E0308", "length_km": 1.434, "usage": "main", "service": null, "gauge": "1676", "electrified": "contact_line", "voltage": "25000", "railway": "rail", "operator": null, "network": null, "u": "GN-0079", "v": "GN-0196"}, "geometry": {"type": "LineString", "coordinates": [[78.5404742, 17.4642174], [78.5402057, 17.4609724], [78.5401909, 17.4605822], [78.5401909, 17.4601255], [78.5402057, 17.4598082], [78.5402285, 17.4594999], [78.5402794, 17.4590534], [78.5403492, 17.4586492], [78.5404336, 17.4582462], [78.5405074, 17.4579507], [78.5409027, 17.4566108], [78.5410299, 17.456231], [78.5411455, 17.4559515], [78.5412751, 17.4556864], [78.5414245, 17.4554514], [78.5416145, 17.4552094], [78.5418263, 17.4549765], [78.5439333, 17.4528653], [78.5442263, 17.4525652]]}}, {"type": "Feature", "properties": {"edge_id": "OSM-E0310", "length_km": 0.313, "usage": "main", "service": null, "gauge": "1676", "electrified": "contact_line", "voltage": "25000", "railway": "rail", "operator": null, "network": null, "u": "GN-0171", "v": "GN-0224"}, "geometry": {"type": "LineString", "coordinates": [[78.4409145, 17.4613606], [78.4438543, 17.4611674]]}}, {"type": "Feature", "properties": {"edge_id": "OSM-E0311", "length_km": 0.015, "usage": "main", "service": null, "gauge": "1676", "electrified": "contact_line", "voltage": "25000", "railway": "rail", "operator": null, "network": null, "u": "GN-0065", "v": "GN-0128"}, "geometry": {"type": "LineString", "coordinates": [[78.4429971, 17.4611853], [78.4428553, 17.4611946]]}}, {"type": "Feature", "properties": {"edge_id": "OSM-E0312", "length_km": 2.206, "usage": "main", "service": null, "gauge": "1676", "electrified": "contact_line", "voltage": "25000", "railway": "rail", "operator": null, "network": null, "u": "GN-0128", "v": "GN-0190"}, "geometry": {"type": "LineString", "coordinates": [[78.4428553, 17.4611946], [78.4409109, 17.4613212], [78.4321095, 17.4619784], [78.4316118, 17.4620165], [78.4314973, 17.462024], [78.4308638, 17.4620798], [78.4300538, 17.4621159], [78.4295605, 17.4621417], [78.4293009, 17.4621368], [78.4289903, 17.4621241], [78.4286626, 17.4620962], [78.4283491, 17.4620509], [78.4279579, 17.461975], [78.4273717, 17.4618342], [78.4266273, 17.4616654], [78.4222967, 17.4605617]]}}, {"type": "Feature", "properties": {"edge_id": "OSM-E0313", "length_km": 2.002, "usage": "main", "service": null, "gauge": "1676", "electrified": "contact_line", "voltage": "25000", "railway": "rail", "operator": null, "network": null, "u": "GN-0190", "v": "GN-0171"}, "geometry": {"type": "LineString", "coordinates": [[78.4222756, 17.4606148], [78.4266009, 17.4617093], [78.4273427, 17.4618737], [78.4279518, 17.4620138], [78.4283407, 17.4620973], [78.4286604, 17.4621388], [78.4289758, 17.462161], [78.4292962, 17.4621692], [78.4295605, 17.462175], [78.4300505, 17.4621592], [78.4306437, 17.4621287], [78.430998, 17.4620978], [78.4316226, 17.4620534], [78.4329298, 17.461957], [78.4331974, 17.4619343], [78.4409145, 17.4613606]]}}, {"type": "Feature", "properties": {"edge_id": "OSM-E0314", "length_km": 0.063, "usage": "main", "service": null, "gauge": "1676", "electrified": "contact_line", "voltage": "25000", "railway": "rail", "operator": null, "network": null, "u": "GN-0167", "v": "GN-0165"}, "geometry": {"type": "LineString", "coordinates": [[78.4519847, 17.4628038], [78.4525547, 17.4626491]]}}, {"type": "Feature", "properties": {"edge_id": "OSM-E0315", "length_km": 0.016, "usage": "main", "service": null, "gauge": "1676", "electrified": "contact_line", "voltage": "25000", "railway": "rail", "operator": null, "network": null, "u": "GN-0165", "v": "GN-0225"}, "geometry": {"type": "LineString", "coordinates": [[78.4525547, 17.4626491], [78.4526952, 17.4626101]]}}, {"type": "Feature", "properties": {"edge_id": "OSM-E0316", "length_km": 0.041, "usage": "main", "service": null, "gauge": "1676", "electrified": "contact_line", "voltage": "25000", "railway": "rail", "operator": null, "network": null, "u": "GN-0225", "v": "GN-0034"}, "geometry": {"type": "LineString", "coordinates": [[78.4526952, 17.4626101], [78.4530692, 17.4625062]]}}, {"type": "Feature", "properties": {"edge_id": "OSM-E0317", "length_km": 0.139, "usage": "main", "service": null, "gauge": "1676", "electrified": "contact_line", "voltage": "25000", "railway": "rail", "operator": null, "network": null, "u": "GN-0029", "v": "GN-0031"}, "geometry": {"type": "LineString", "coordinates": [[78.4506119, 17.4631721], [78.4518701, 17.4628349]]}}, {"type": "Feature", "properties": {"edge_id": "OSM-E0318", "length_km": 0.014, "usage": "main", "service": null, "gauge": "1676", "electrified": "contact_line", "voltage": "25000", "railway": "rail", "operator": null, "network": null, "u": "GN-0173", "v": "GN-0212"}, "geometry": {"type": "LineString", "coordinates": [[78.4715892, 17.4801141], [78.4716203, 17.4802383]]}}, {"type": "Feature", "properties": {"edge_id": "OSM-E0319", "length_km": 0.013, "usage": "main", "service": null, "gauge": "1676", "electrified": "contact_line", "voltage": "25000", "railway": "rail", "operator": null, "network": null, "u": "GN-0212", "v": "GN-0173"}, "geometry": {"type": "LineString", "coordinates": [[78.47167, 17.4802183], [78.4716454, 17.4801049]]}}, {"type": "Feature", "properties": {"edge_id": "OSM-E0320", "length_km": 2.351, "usage": "main", "service": null, "gauge": "1676", "electrified": "contact_line", "voltage": "25000", "railway": "rail", "operator": null, "network": null, "u": "GN-0173", "v": "GN-0027"}, "geometry": {"type": "LineString", "coordinates": [[78.4716454, 17.4801049], [78.4705204, 17.4754039], [78.4703435, 17.4747065], [78.470232, 17.4743493], [78.4701195, 17.4740043], [78.4698459, 17.4732316], [78.4697051, 17.4728965], [78.4695786, 17.4726282], [78.4694396, 17.4723822], [78.4692768, 17.472137], [78.4691204, 17.471932], [78.468941, 17.4717253], [78.4686958, 17.4714973], [78.4684633, 17.4713128], [78.4682232, 17.471149], [78.4679698, 17.4709929], [78.4677162, 17.4708484], [78.4648225, 17.469315], [78.4645245, 17.4691502], [78.4642447, 17.4689773], [78.4639691, 17.468789], [78.4637018, 17.468586], [78.4622132, 17.4673903], [78.461963, 17.4671681], [78.4617122, 17.4669314], [78.4614801, 17.4666806], [78.4612523, 17.466419], [78.4610725, 17.4661574], [78.4608975, 17.4658817], [78.4603282, 17.4648795], [78.4598174, 17.4639803], [78.45969, 17.4637939], [78.4595773, 17.4636561]]}}, {"type": "Feature", "properties": {"edge_id": "OSM-E0321", "length_km": 0.434, "usage": "main", "service": null, "gauge": "1676", "electrified": "contact_line", "voltage": "25000", "railway": "rail", "operator": null, "network": null, "u": "GN-0095", "v": "GN-0158"}, "geometry": {"type": "LineString", "coordinates": [[78.5029553, 17.4329748], [78.4998157, 17.432189], [78.4996549, 17.4321491], [78.4994315, 17.4321229], [78.499011, 17.4321325], [78.4989749, 17.4321333]]}}, {"type": "Feature", "properties": {"edge_id": "OSM-E0322", "length_km": 0.034, "usage": "main", "service": null, "gauge": "1676", "electrified": "contact_line", "voltage": "25000", "railway": "rail", "operator": null, "network": null, "u": "GN-0224", "v": "GN-0060"}, "geometry": {"type": "LineString", "coordinates": [[78.4438543, 17.4611674], [78.4441745, 17.4611444]]}}, {"type": "Feature", "properties": {"edge_id": "OSM-E0323", "length_km": 0.26, "usage": "main", "service": null, "gauge": "1676", "electrified": "contact_line", "voltage": "25000", "railway": "rail", "operator": null, "network": null, "u": "GN-0226", "v": "GN-0178"}, "geometry": {"type": "LineString", "coordinates": [[78.680976, 17.4532977], [78.678525, 17.4532566]]}}, {"type": "Feature", "properties": {"edge_id": "OSM-E0324", "length_km": 0.05, "usage": "main", "service": null, "gauge": "1676", "electrified": "contact_line", "voltage": "25000", "railway": "rail", "operator": null, "network": null, "u": "GN-0177", "v": "GN-0176"}, "geometry": {"type": "LineString", "coordinates": [[78.6753971, 17.4530987], [78.6749251, 17.4530889]]}}, {"type": "Feature", "properties": {"edge_id": "OSM-E0325", "length_km": 1.623, "usage": "branch", "service": null, "gauge": "1676", "electrified": "contact_line", "voltage": "25000", "railway": "rail", "operator": null, "network": null, "u": "GN-0203", "v": "GN-0227"}, "geometry": {"type": "LineString", "coordinates": [[78.2819614, 17.5076982], [78.2819581, 17.5073121], [78.2819575, 17.507009], [78.2819653, 17.5067058], [78.2821211, 17.5021842], [78.2821929, 17.4999921], [78.2821912, 17.499718], [78.2821582, 17.4992568], [78.2821197, 17.498961], [78.2820702, 17.4986999], [78.2819906, 17.4984197], [78.2818827, 17.4981048], [78.2817426, 17.4977648], [78.281573, 17.4973978], [78.2810133, 17.4962543], [78.2808913, 17.4959501], [78.2807853, 17.4956458], [78.2807035, 17.4953587], [78.2806384, 17.4950446], [78.2806035, 17.4947553], [78.2805813, 17.4944228], [78.2805792, 17.4940616], [78.2806008, 17.4933719]]}}, {"type": "Feature", "properties": {"edge_id": "OSM-E0326", "length_km": 0.017, "usage": "branch", "service": null, "gauge": "1676", "electrified": "contact_line", "voltage": "25000", "railway": "rail", "operator": null, "network": null, "u": "GN-0227", "v": "GN-0228"}, "geometry": {"type": "LineString", "coordinates": [[78.2806008, 17.4933719], [78.2806057, 17.4932146]]}}, {"type": "Feature", "properties": {"edge_id": "OSM-E0327", "length_km": 0.402, "usage": "branch", "service": null, "gauge": "1676", "electrified": "contact_line", "voltage": "25000", "railway": "rail", "operator": null, "network": null, "u": "GN-0228", "v": "GN-0229"}, "geometry": {"type": "LineString", "coordinates": [[78.2806057, 17.4932146], [78.2807169, 17.4896023]]}}, {"type": "Feature", "properties": {"edge_id": "OSM-E0328", "length_km": 0.022, "usage": "branch", "service": null, "gauge": "1676", "electrified": "contact_line", "voltage": "25000", "railway": "rail", "operator": null, "network": null, "u": "GN-0229", "v": "GN-0133"}, "geometry": {"type": "LineString", "coordinates": [[78.2807169, 17.4896023], [78.280723, 17.4894068]]}}, {"type": "Feature", "properties": {"edge_id": "OSM-E0329", "length_km": 0.963, "usage": "main", "service": null, "gauge": "1676", "electrified": "contact_line", "voltage": "25000", "railway": "rail", "operator": null, "network": null, "u": "GN-0230", "v": "GN-0101"}, "geometry": {"type": "LineString", "coordinates": [[78.4867305, 17.5714426], [78.4871052, 17.5706483], [78.4875929, 17.5696242], [78.48805, 17.5686594], [78.4891572, 17.5663233], [78.4899867, 17.564572], [78.4900873, 17.56436], [78.4904704, 17.5635459]]}}, {"type": "Feature", "properties": {"edge_id": "OSM-E0330", "length_km": 3.904, "usage": "main", "service": null, "gauge": "1676", "electrified": "contact_line", "voltage": "25000", "railway": "rail", "operator": null, "network": null, "u": "GN-0066", "v": "GN-0230"}, "geometry": {"type": "LineString", "coordinates": [[78.4716176, 17.6034564], [78.4784242, 17.5890213], [78.4839192, 17.5774564], [78.4863069, 17.5723544], [78.4866694, 17.5715715], [78.4867305, 17.5714426]]}}, {"type": "Feature", "properties": {"edge_id": "OSM-E0331", "length_km": 0.964, "usage": "main", "service": null, "gauge": "1676", "electrified": "contact_line", "voltage": "25000", "railway": "rail", "operator": null, "network": null, "u": "GN-0230", "v": "GN-0101"}, "geometry": {"type": "LineString", "coordinates": [[78.4867305, 17.5714426], [78.4871521, 17.5706662], [78.4876392, 17.5696415], [78.4880932, 17.5686782], [78.4892044, 17.5663426], [78.4901319, 17.5643798], [78.4904704, 17.5635459]]}}, {"type": "Feature", "properties": {"edge_id": "OSM-E0332", "length_km": 0.433, "usage": "main", "service": null, "gauge": "1676", "electrified": "contact_line", "voltage": "25000", "railway": "rail", "operator": null, "network": null, "u": "GN-0158", "v": "GN-0095"}, "geometry": {"type": "LineString", "coordinates": [[78.4989749, 17.4321333], [78.4990107, 17.4321356], [78.4993238, 17.4321553], [78.4995319, 17.4321825], [78.4997346, 17.4322189], [78.4999758, 17.4322677], [78.502945, 17.4330215]]}}, {"type": "Feature", "properties": {"edge_id": "OSM-E0333", "length_km": 0.133, "usage": "main", "service": null, "gauge": "1676", "electrified": "contact_line", "voltage": "25000", "railway": "rail", "operator": null, "network": null, "u": "GN-0231", "v": "GN-0215"}, "geometry": {"type": "LineString", "coordinates": [[78.5000846, 17.4329217], [78.4998152, 17.4328462], [78.4989965, 17.4325614], [78.4989057, 17.4325274]]}}, {"type": "Feature", "properties": {"edge_id": "OSM-E0334", "length_km": 0.073, "usage": null, "service": null, "gauge": null, "electrified": null, "voltage": null, "railway": "rail", "operator": null, "network": null, "u": "GN-0232", "v": "GN-0233"}, "geometry": {"type": "LineString", "coordinates": [[78.5045115, 17.4341524], [78.5047771, 17.4341596], [78.5050903, 17.4341751], [78.5052006, 17.4341822]]}}, {"type": "Feature", "properties": {"edge_id": "OSM-E0335", "length_km": 0.885, "usage": "main", "service": null, "gauge": "1676", "electrified": "contact_line", "voltage": "25000", "railway": "rail", "operator": null, "network": null, "u": "GN-0216", "v": "GN-0081"}, "geometry": {"type": "LineString", "coordinates": [[78.3231961, 17.4859032], [78.3235343, 17.4860641], [78.3246162, 17.4865657], [78.3249086, 17.4866875], [78.3253164, 17.4868263], [78.32565, 17.4869061], [78.3259617, 17.4869533], [78.3263873, 17.4869965], [78.3267991, 17.4869821], [78.3271135, 17.4869651], [78.3280389, 17.4868747], [78.328459, 17.4868263], [78.3292539, 17.4867503], [78.329685, 17.4867241], [78.3301326, 17.4867228], [78.330642, 17.4867804], [78.3310621, 17.4868551], [78.3312783, 17.4869076]]}}, {"type": "Feature", "properties": {"edge_id": "OSM-E0337", "length_km": 0.951, "usage": "main", "service": null, "gauge": "1676", "electrified": "contact_line", "voltage": "25000", "railway": "rail", "operator": "Indian Railway", "network": null, "u": "GN-0081", "v": "GN-0217"}, "geometry": {"type": "LineString", "coordinates": [[78.3312844, 17.4868674], [78.3308724, 17.4867668], [78.3303794, 17.4866997], [78.3297353, 17.4866768], [78.3292443, 17.4867013], [78.3286815, 17.4867554], [78.3272578, 17.4869], [78.3267332, 17.4869464], [78.326298, 17.4869396], [78.3258379, 17.4868951], [78.3253486, 17.4867845], [78.3248043, 17.4865913], [78.3243574, 17.4863917], [78.3230683, 17.4857903], [78.3226459, 17.4855883]]}}, {"type": "Feature", "properties": {"edge_id": "OSM-E0339", "length_km": 0.072, "usage": "siding", "service": null, "gauge": "1676", "electrified": "contact_line", "voltage": "25000", "railway": "rail", "operator": null, "network": null, "u": "GN-0234", "v": "GN-0235"}, "geometry": {"type": "LineString", "coordinates": [[78.4899867, 17.564572], [78.4896527, 17.5651346]]}}, {"type": "Feature", "properties": {"edge_id": "OSM-E0340", "length_km": 0.021, "usage": "main", "service": null, "gauge": "1676", "electrified": "contact_line", "voltage": "25000", "railway": "rail", "operator": null, "network": null, "u": "GN-0186", "v": "GN-0188"}, "geometry": {"type": "LineString", "coordinates": [[78.3843363, 17.4717245], [78.3844281, 17.4715595]]}}, {"type": "Feature", "properties": {"edge_id": "OSM-E0341", "length_km": 0.571, "usage": "main", "service": null, "gauge": "1676", "electrified": "contact_line", "voltage": "25000", "railway": "rail", "operator": null, "network": null, "u": "GN-0188", "v": "GN-0185"}, "geometry": {"type": "LineString", "coordinates": [[78.3844281, 17.4715595], [78.3845938, 17.4712341], [78.3852406, 17.469728], [78.3857152, 17.4686617], [78.3859294, 17.4681567], [78.3862801, 17.4673298], [78.3864999, 17.4668171]]}}, {"type": "Feature", "properties": {"edge_id": "OSM-E0342", "length_km": 0.026, "usage": "main", "service": null, "gauge": "1676", "electrified": "contact_line", "voltage": "25000", "railway": "rail", "operator": null, "network": null, "u": "GN-0188", "v": "GN-0186"}, "geometry": {"type": "LineString", "coordinates": [[78.3843482, 17.4715275], [78.3842338, 17.4717313]]}}, {"type": "Feature", "properties": {"edge_id": "OSM-E0343", "length_km": 0.368, "usage": "main", "service": null, "gauge": "1676", "electrified": "contact_line", "voltage": "25000", "railway": "rail", "operator": null, "network": null, "u": "GN-0186", "v": "GN-0064"}, "geometry": {"type": "LineString", "coordinates": [[78.3842338, 17.4717313], [78.3838839, 17.4723103], [78.3835208, 17.4728012], [78.3830509, 17.4733457], [78.3825832, 17.4738106], [78.3820603, 17.4742908]]}}, {"type": "Feature", "properties": {"edge_id": "OSM-E0344", "length_km": 0.287, "usage": "main", "service": null, "gauge": "1676", "electrified": "contact_line", "voltage": "25000", "railway": "rail", "operator": null, "network": null, "u": "GN-0236", "v": "GN-0164"}, "geometry": {"type": "LineString", "coordinates": [[78.4927946, 17.4313886], [78.4928553, 17.4313861], [78.4932046, 17.4314031], [78.4934348, 17.431425], [78.4936986, 17.4314555], [78.495476, 17.4317395]]}}, {"type": "Feature", "properties": {"edge_id": "OSM-E0345", "length_km": 0.018, "usage": "main", "service": null, "gauge": "1676", "electrified": "contact_line", "voltage": "25000", "railway": "rail", "operator": null, "network": null, "u": "GN-0144", "v": "GN-0236"}, "geometry": {"type": "LineString", "coordinates": [[78.4926256, 17.431386], [78.4927946, 17.4313886]]}}, {"type": "Feature", "properties": {"edge_id": "OSM-E0346", "length_km": 0.379, "usage": "main", "service": null, "gauge": "1676", "electrified": "contact_line", "voltage": "25000", "railway": "rail", "operator": null, "network": null, "u": "GN-0163", "v": "GN-0236"}, "geometry": {"type": "LineString", "coordinates": [[78.4963189, 17.4318274], [78.4937089, 17.4314097], [78.4934348, 17.4313792], [78.4932187, 17.4313583], [78.492852, 17.4313451], [78.4927887, 17.4313416]]}}, {"type": "Feature", "properties": {"edge_id": "OSM-E0347", "length_km": 0.019, "usage": "main", "service": null, "gauge": "1676", "electrified": "contact_line", "voltage": "25000", "railway": "rail", "operator": null, "network": null, "u": "GN-0236", "v": "GN-0144"}, "geometry": {"type": "LineString", "coordinates": [[78.4927887, 17.4313416], [78.4926142, 17.4313436]]}}, {"type": "Feature", "properties": {"node_id": "GN-0005", "type": "junction", "name": "Junction 5", "degree": 4}, "geometry": {"type": "Point", "coordinates": [78.51087835000001, 17.4338356]}}, {"type": "Feature", "properties": {"node_id": "GN-0006", "type": "junction", "name": "Junction 6", "degree": 4}, "geometry": {"type": "Point", "coordinates": [78.5105465, 17.43392565]}}, {"type": "Feature", "properties": {"node_id": "GN-0007", "type": "junction", "name": "Junction 7", "degree": 5}, "geometry": {"type": "Point", "coordinates": [78.50659612, 17.434369980000003]}}, {"type": "Feature", "properties": {"node_id": "GN-0009", "type": "junction", "name": "Junction 9", "degree": 4}, "geometry": {"type": "Point", "coordinates": [78.51221815, 17.4356988]}}, {"type": "Feature", "properties": {"node_id": "GN-0010", "type": "junction", "name": "Junction 10", "degree": 4}, "geometry": {"type": "Point", "coordinates": [78.51189425, 17.435595300000003]}}, {"type": "Feature", "properties": {"node_id": "GN-0012", "type": "junction", "name": "Junction 12", "degree": 4}, "geometry": {"type": "Point", "coordinates": [78.51179060000001, 17.435738649999998]}}, {"type": "Feature", "properties": {"node_id": "GN-0013", "type": "junction", "name": "Junction 13", "degree": 4}, "geometry": {"type": "Point", "coordinates": [78.51229040000001, 17.43591645]}}, {"type": "Feature", "properties": {"node_id": "GN-0014", "type": "junction", "name": "Junction 14", "degree": 8}, "geometry": {"type": "Point", "coordinates": [78.58031199999999, 17.446060049999996]}}, {"type": "Feature", "properties": {"node_id": "GN-0015", "type": "junction", "name": "Junction 15", "degree": 6}, "geometry": {"type": "Point", "coordinates": [78.6216571, 17.4562679]}}, {"type": "Feature", "properties": {"node_id": "GN-0019", "type": "junction", "name": "Junction 19", "degree": 4}, "geometry": {"type": "Point", "coordinates": [78.5350055, 17.454866600000003]}}, {"type": "Feature", "properties": {"node_id": "GN-0022", "type": "junction", "name": "Junction 22", "degree": 4}, "geometry": {"type": "Point", "coordinates": [78.46990305, 17.43779405]}}, {"type": "Feature", "properties": {"node_id": "GN-0023", "type": "junction", "name": "Junction 23", "degree": 4}, "geometry": {"type": "Point", "coordinates": [78.47972254999999, 17.435072599999998]}}, {"type": "Feature", "properties": {"node_id": "GN-0024", "type": "junction", "name": "Junction 24", "degree": 4}, "geometry": {"type": "Point", "coordinates": [78.46912929999999, 17.43764135]}}, {"type": "Feature", "properties": {"node_id": "GN-0025", "type": "station_or_junction", "name": "Begumpet", "degree": 4}, "geometry": {"type": "Point", "coordinates": [78.45605889999999, 17.43944065]}}, {"type": "Feature", "properties": {"node_id": "GN-0026", "type": "junction", "name": "Junction 26", "degree": 4}, "geometry": {"type": "Point", "coordinates": [78.4558567, 17.43959215]}}, {"type": "Feature", "properties": {"node_id": "GN-0027", "type": "station_or_junction", "name": "Ferozguda", "degree": 4}, "geometry": {"type": "Point", "coordinates": [78.45955705, 17.463668400000003]}}, {"type": "Feature", "properties": {"node_id": "GN-0028", "type": "junction", "name": "Junction 28", "degree": 4}, "geometry": {"type": "Point", "coordinates": [78.45943, 17.463527149999997]}}, {"type": "Feature", "properties": {"node_id": "GN-0029", "type": "junction", "name": "Junction 29", "degree": 4}, "geometry": {"type": "Point", "coordinates": [78.45061765, 17.463142000000005]}}, {"type": "Feature", "properties": {"node_id": "GN-0031", "type": "junction", "name": "Junction 31", "degree": 4}, "geometry": {"type": "Point", "coordinates": [78.45181665, 17.462820400000002]}}, {"type": "Feature", "properties": {"node_id": "GN-0032", "type": "junction", "name": "Junction 32", "degree": 4}, "geometry": {"type": "Point", "coordinates": [78.44713185, 17.46213125]}}, {"type": "Feature", "properties": {"node_id": "GN-0033", "type": "junction", "name": "Junction 33", "degree": 4}, "geometry": {"type": "Point", "coordinates": [78.45326025000001, 17.462424900000002]}}, {"type": "Feature", "properties": {"node_id": "GN-0034", "type": "junction", "name": "Junction 34", "degree": 4}, "geometry": {"type": "Point", "coordinates": [78.4530752, 17.462474999999998]}}, {"type": "Feature", "properties": {"node_id": "GN-0037", "type": "junction", "name": "Junction 37", "degree": 4}, "geometry": {"type": "Point", "coordinates": [78.52727619999999, 17.4841352]}}, {"type": "Feature", "properties": {"node_id": "GN-0038", "type": "junction", "name": "Junction 38", "degree": 4}, "geometry": {"type": "Point", "coordinates": [78.5269826, 17.48445305]}}, {"type": "Feature", "properties": {"node_id": "GN-0039", "type": "junction", "name": "Junction 39", "degree": 4}, "geometry": {"type": "Point", "coordinates": [78.53237150000001, 17.4795849]}}, {"type": "Feature", "properties": {"node_id": "GN-0041", "type": "junction", "name": "Junction 41", "degree": 4}, "geometry": {"type": "Point", "coordinates": [78.53521625, 17.454767349999997]}}, {"type": "Feature", "properties": {"node_id": "GN-0042", "type": "station_or_junction", "name": "James Street", "degree": 4}, "geometry": {"type": "Point", "coordinates": [78.48832525, 17.432442200000004]}}, {"type": "Feature", "properties": {"node_id": "GN-0043", "type": "junction", "name": "Junction 43", "degree": 4}, "geometry": {"type": "Point", "coordinates": [78.48846434999999, 17.43240025]}}, {"type": "Feature", "properties": {"node_id": "GN-0044", "type": "station_or_junction", "name": "Bolarum Bazaar", "degree": 4}, "geometry": {"type": "Point", "coordinates": [78.51591344999999, 17.517158324999997]}}, {"type": "Feature", "properties": {"node_id": "GN-0046", "type": "junction", "name": "Junction 46", "degree": 4}, "geometry": {"type": "Point", "coordinates": [78.4626185, 17.437263249999997]}}, {"type": "Feature", "properties": {"node_id": "GN-0047", "type": "junction", "name": "Junction 47", "degree": 3}, "geometry": {"type": "Point", "coordinates": [78.4621046, 17.4296644]}}, {"type": "Feature", "properties": {"node_id": "GN-0048", "type": "junction", "name": "Junction 48", "degree": 6}, "geometry": {"type": "Point", "coordinates": [78.46170835000001, 17.428376800000002]}}, {"type": "Feature", "properties": {"node_id": "GN-0049", "type": "junction", "name": "Junction 49", "degree": 3}, "geometry": {"type": "Point", "coordinates": [78.4618193, 17.4376636]}}, {"type": "Feature", "properties": {"node_id": "GN-0052", "type": "junction", "name": "Junction 52", "degree": 3}, "geometry": {"type": "Point", "coordinates": [78.4616803, 17.4377838]}}, {"type": "Feature", "properties": {"node_id": "GN-0053", "type": "junction", "name": "Junction 53", "degree": 3}, "geometry": {"type": "Point", "coordinates": [78.4688756, 17.4376124]}}, {"type": "Feature", "properties": {"node_id": "GN-0055", "type": "junction", "name": "Junction 55", "degree": 3}, "geometry": {"type": "Point", "coordinates": [78.467035, 17.4369494]}}, {"type": "Feature", "properties": {"node_id": "GN-0056", "type": "junction", "name": "Junction 56", "degree": 3}, "geometry": {"type": "Point", "coordinates": [78.368268, 17.4821959]}}, {"type": "Feature", "properties": {"node_id": "GN-0057", "type": "junction", "name": "Junction 57", "degree": 4}, "geometry": {"type": "Point", "coordinates": [78.3819282, 17.47442105]}}, {"type": "Feature", "properties": {"node_id": "GN-0058", "type": "junction", "name": "Junction 58", "degree": 4}, "geometry": {"type": "Point", "coordinates": [78.48004705, 17.4349718]}}, {"type": "Feature", "properties": {"node_id": "GN-0059", "type": "junction", "name": "Junction 59", "degree": 4}, "geometry": {"type": "Point", "coordinates": [78.44689939999999, 17.4619507]}}, {"type": "Feature", "properties": {"node_id": "GN-0060", "type": "junction", "name": "Junction 60", "degree": 3}, "geometry": {"type": "Point", "coordinates": [78.44424158, 17.46114014]}}, {"type": "Feature", "properties": {"node_id": "GN-0061", "type": "junction", "name": "Junction 61", "degree": 4}, "geometry": {"type": "Point", "coordinates": [78.45164119999998, 17.44776885]}}, {"type": "Feature", "properties": {"node_id": "GN-0062", "type": "junction", "name": "Junction 62", "degree": 4}, "geometry": {"type": "Point", "coordinates": [78.48507235, 17.4334484]}}, {"type": "Feature", "properties": {"node_id": "GN-0063", "type": "junction", "name": "Junction 63", "degree": 4}, "geometry": {"type": "Point", "coordinates": [78.48532205000001, 17.43337135]}}, {"type": "Feature", "properties": {"node_id": "GN-0064", "type": "junction", "name": "Junction 64", "degree": 4}, "geometry": {"type": "Point", "coordinates": [78.38207355, 17.47432315]}}, {"type": "Feature", "properties": {"node_id": "GN-0066", "type": "junction", "name": "Junction 66", "degree": 4}, "geometry": {"type": "Point", "coordinates": [78.471588725, 17.603465874999998]}}, {"type": "Feature", "properties": {"node_id": "GN-0067", "type": "junction", "name": "Junction 67", "degree": 6}, "geometry": {"type": "Point", "coordinates": [78.64406149999998, 17.454381466666664]}}, {"type": "Feature", "properties": {"node_id": "GN-0068", "type": "junction", "name": "Junction 68", "degree": 4}, "geometry": {"type": "Point", "coordinates": [78.6743037, 17.45293305]}}, {"type": "Feature", "properties": {"node_id": "GN-0069", "type": "junction", "name": "Junction 69", "degree": 6}, "geometry": {"type": "Point", "coordinates": [78.6437973, 17.454349533333332]}}, {"type": "Feature", "properties": {"node_id": "GN-0070", "type": "junction", "name": "Junction 70", "degree": 4}, "geometry": {"type": "Point", "coordinates": [78.67502569999999, 17.452947299999998]}}, {"type": "Feature", "properties": {"node_id": "GN-0075", "type": "junction", "name": "Junction 75", "degree": 4}, "geometry": {"type": "Point", "coordinates": [78.54429675, 17.45244745]}}, {"type": "Feature", "properties": {"node_id": "GN-0077", "type": "junction", "name": "Junction 77", "degree": 4}, "geometry": {"type": "Point", "coordinates": [78.5404632, 17.4644639]}}, {"type": "Feature", "properties": {"node_id": "GN-0078", "type": "junction", "name": "Junction 78", "degree": 4}, "geometry": {"type": "Point", "coordinates": [78.53286440000001, 17.4794683]}}, {"type": "Feature", "properties": {"node_id": "GN-0079", "type": "junction", "name": "Junction 79", "degree": 4}, "geometry": {"type": "Point", "coordinates": [78.54044645, 17.4642196]}}, {"type": "Feature", "properties": {"node_id": "GN-0081", "type": "station_or_junction", "name": "Chandanagar", "degree": 4}, "geometry": {"type": "Point", "coordinates": [78.331311375, 17.486895249999996]}}, {"type": "Feature", "properties": {"node_id": "GN-0082", "type": "station_or_junction", "name": "Nature Cure Hospital", "degree": 4}, "geometry": {"type": "Point", "coordinates": [78.45168635, 17.44756965]}}, {"type": "Feature", "properties": {"node_id": "GN-0084", "type": "junction", "name": "Junction 84", "degree": 4}, "geometry": {"type": "Point", "coordinates": [78.31127715, 17.481137250000003]}}, {"type": "Feature", "properties": {"node_id": "GN-0089", "type": "junction", "name": "Junction 89", "degree": 3}, "geometry": {"type": "Point", "coordinates": [78.4986428, 17.4324251]}}, {"type": "Feature", "properties": {"node_id": "GN-0090", "type": "junction", "name": "Junction 90", "degree": 3}, "geometry": {"type": "Point", "coordinates": [78.4979442, 17.4321872]}}, {"type": "Feature", "properties": {"node_id": "GN-0095", "type": "station_or_junction", "name": "Secunderabad Junction", "degree": 4}, "geometry": {"type": "Point", "coordinates": [78.50295015, 17.43299815]}}, {"type": "Feature", "properties": {"node_id": "GN-0096", "type": "junction", "name": "Junction 96", "degree": 4}, "geometry": {"type": "Point", "coordinates": [78.50610755, 17.43419805]}}, {"type": "Feature", "properties": {"node_id": "GN-0097", "type": "junction", "name": "Junction 97", "degree": 4}, "geometry": {"type": "Point", "coordinates": [78.5155891, 17.5412866]}}, {"type": "Feature", "properties": {"node_id": "GN-0098", "type": "junction", "name": "Junction 98", "degree": 3}, "geometry": {"type": "Point", "coordinates": [78.4618363, 17.4289399]}}, {"type": "Feature", "properties": {"node_id": "GN-0101", "type": "junction", "name": "Junction 101", "degree": 3}, "geometry": {"type": "Point", "coordinates": [78.4904704, 17.5635459]}}, {"type": "Feature", "properties": {"node_id": "GN-0104", "type": "junction", "name": "Junction 104", "degree": 3}, "geometry": {"type": "Point", "coordinates": [78.368786, 17.4821112]}}, {"type": "Feature", "properties": {"node_id": "GN-0105", "type": "junction", "name": "Junction 105", "degree": 3}, "geometry": {"type": "Point", "coordinates": [78.3600456, 17.4827063]}}, {"type": "Feature", "properties": {"node_id": "GN-0106", "type": "junction", "name": "Junction 106", "degree": 3}, "geometry": {"type": "Point", "coordinates": [78.3591986, 17.4827404]}}, {"type": "Feature", "properties": {"node_id": "GN-0107", "type": "junction", "name": "Junction 107", "degree": 4}, "geometry": {"type": "Point", "coordinates": [78.51817534999999, 17.49075715]}}, {"type": "Feature", "properties": {"node_id": "GN-0108", "type": "junction", "name": "Junction 108", "degree": 4}, "geometry": {"type": "Point", "coordinates": [78.5180366, 17.49077265]}}, {"type": "Feature", "properties": {"node_id": "GN-0110", "type": "junction", "name": "Junction 110", "degree": 3}, "geometry": {"type": "Point", "coordinates": [78.2927853, 17.4757198]}}, {"type": "Feature", "properties": {"node_id": "GN-0112", "type": "junction", "name": "Junction 112", "degree": 3}, "geometry": {"type": "Point", "coordinates": [78.2915043, 17.4752299]}}, {"type": "Feature", "properties": {"node_id": "GN-0113", "type": "junction", "name": "Junction 113", "degree": 3}, "geometry": {"type": "Point", "coordinates": [78.507425, 17.4344807]}}, {"type": "Feature", "properties": {"node_id": "GN-0114", "type": "junction", "name": "Junction 114", "degree": 4}, "geometry": {"type": "Point", "coordinates": [78.5128473, 17.49134365]}}, {"type": "Feature", "properties": {"node_id": "GN-0115", "type": "junction", "name": "Junction 115", "degree": 4}, "geometry": {"type": "Point", "coordinates": [78.51271715, 17.49135665]}}, {"type": "Feature", "properties": {"node_id": "GN-0116", "type": "junction", "name": "Junction 116", "degree": 3}, "geometry": {"type": "Point", "coordinates": [78.291966, 17.4754222]}}, {"type": "Feature", "properties": {"node_id": "GN-0128", "type": "junction", "name": "Junction 128", "degree": 3}, "geometry": {"type": "Point", "coordinates": [78.4428553, 17.4611946]}}, {"type": "Feature", "properties": {"node_id": "GN-0130", "type": "station", "name": "Sanat Nagar", "degree": 1}, "geometry": {"type": "Point", "coordinates": [78.4345949, 17.4620105]}}, {"type": "Feature", "properties": {"node_id": "GN-0131", "type": "station", "name": "Bharath Nagar", "degree": 1}, "geometry": {"type": "Point", "coordinates": [78.4301478, 17.4624459]}}, {"type": "Feature", "properties": {"node_id": "GN-0139", "type": "junction", "name": "Junction 139", "degree": 4}, "geometry": {"type": "Point", "coordinates": [78.46696005000001, 17.62034165]}}, {"type": "Feature", "properties": {"node_id": "GN-0140", "type": "junction", "name": "Junction 140", "degree": 4}, "geometry": {"type": "Point", "coordinates": [78.46703715, 17.620487699999998]}}, {"type": "Feature", "properties": {"node_id": "GN-0144", "type": "junction", "name": "Junction 144", "degree": 4}, "geometry": {"type": "Point", "coordinates": [78.4926199, 17.4313648]}}, {"type": "Feature", "properties": {"node_id": "GN-0145", "type": "junction", "name": "Junction 145", "degree": 3}, "geometry": {"type": "Point", "coordinates": [78.4682568, 17.437458]}}, {"type": "Feature", "properties": {"node_id": "GN-0146", "type": "junction", "name": "Junction 146", "degree": 3}, "geometry": {"type": "Point", "coordinates": [78.4687347, 17.4375393]}}, {"type": "Feature", "properties": {"node_id": "GN-0151", "type": "junction", "name": "Junction 151", "degree": 3}, "geometry": {"type": "Point", "coordinates": [78.4978303, 17.432085]}}, {"type": "Feature", "properties": {"node_id": "GN-0154", "type": "junction", "name": "Junction 154", "degree": 5}, "geometry": {"type": "Point", "coordinates": [78.49753702000001, 17.43203812]}}, {"type": "Feature", "properties": {"node_id": "GN-0158", "type": "junction", "name": "Junction 158", "degree": 3}, "geometry": {"type": "Point", "coordinates": [78.4989749, 17.4321333]}}, {"type": "Feature", "properties": {"node_id": "GN-0165", "type": "junction", "name": "Junction 165", "degree": 4}, "geometry": {"type": "Point", "coordinates": [78.4525598, 17.4626175]}}, {"type": "Feature", "properties": {"node_id": "GN-0167", "type": "junction", "name": "Junction 167", "degree": 4}, "geometry": {"type": "Point", "coordinates": [78.4519414, 17.46278745]}}, {"type": "Feature", "properties": {"node_id": "GN-0170", "type": "junction", "name": "Junction 170", "degree": 4}, "geometry": {"type": "Point", "coordinates": [78.67418925, 17.45310065]}}, {"type": "Feature", "properties": {"node_id": "GN-0171", "type": "junction", "name": "Junction 171", "degree": 3}, "geometry": {"type": "Point", "coordinates": [78.4409145, 17.4613606]}}, {"type": "Feature", "properties": {"node_id": "GN-0173", "type": "junction", "name": "Junction 173", "degree": 4}, "geometry": {"type": "Point", "coordinates": [78.47161729999999, 17.4801095]}}, {"type": "Feature", "properties": {"node_id": "GN-0176", "type": "junction", "name": "Junction 176", "degree": 4}, "geometry": {"type": "Point", "coordinates": [78.6749243, 17.45310545]}}, {"type": "Feature", "properties": {"node_id": "GN-0177", "type": "junction", "name": "Junction 177", "degree": 3}, "geometry": {"type": "Point", "coordinates": [78.6753971, 17.4530987]}}, {"type": "Feature", "properties": {"node_id": "GN-0178", "type": "station", "name": "Ghatkesar", "degree": 2}, "geometry": {"type": "Point", "coordinates": [78.678525, 17.4532566]}}, {"type": "Feature", "properties": {"node_id": "GN-0179", "type": "junction", "name": "Junction 179", "degree": 4}, "geometry": {"type": "Point", "coordinates": [78.4058764, 17.459496199999997]}}, {"type": "Feature", "properties": {"node_id": "GN-0180", "type": "junction", "name": "Junction 180", "degree": 4}, "geometry": {"type": "Point", "coordinates": [78.40201975000001, 17.460287675]}}, {"type": "Feature", "properties": {"node_id": "GN-0181", "type": "station_or_junction", "name": "Borabanda", "degree": 4}, "geometry": {"type": "Point", "coordinates": [78.40604735, 17.4594725]}}, {"type": "Feature", "properties": {"node_id": "GN-0182", "type": "junction", "name": "Junction 182", "degree": 4}, "geometry": {"type": "Point", "coordinates": [78.39309074999998, 17.46394705]}}, {"type": "Feature", "properties": {"node_id": "GN-0186", "type": "junction", "name": "Junction 186", "degree": 4}, "geometry": {"type": "Point", "coordinates": [78.38428505, 17.4717279]}}, {"type": "Feature", "properties": {"node_id": "GN-0188", "type": "station_or_junction", "name": "HITEC City", "degree": 4}, "geometry": {"type": "Point", "coordinates": [78.38438815, 17.471543500000003]}}, {"type": "Feature", "properties": {"node_id": "GN-0189", "type": "junction", "name": "Junction 189", "degree": 4}, "geometry": {"type": "Point", "coordinates": [78.42204989999999, 17.460527850000002]}}, {"type": "Feature", "properties": {"node_id": "GN-0190", "type": "junction", "name": "Junction 190", "degree": 4}, "geometry": {"type": "Point", "coordinates": [78.42228615, 17.46058825]}}, {"type": "Feature", "properties": {"node_id": "GN-0191", "type": "junction", "name": "Junction 191", "degree": 4}, "geometry": {"type": "Point", "coordinates": [78.46197455000001, 17.426377449999997]}}, {"type": "Feature", "properties": {"node_id": "GN-0193", "type": "junction", "name": "Junction 193", "degree": 4}, "geometry": {"type": "Point", "coordinates": [78.4619304, 17.4265016]}}, {"type": "Feature", "properties": {"node_id": "GN-0194", "type": "junction", "name": "Junction 194", "degree": 4}, "geometry": {"type": "Point", "coordinates": [78.54711125, 17.4360993]}}, {"type": "Feature", "properties": {"node_id": "GN-0195", "type": "junction", "name": "Junction 195", "degree": 4}, "geometry": {"type": "Point", "coordinates": [78.54731905, 17.4363284]}}, {"type": "Feature", "properties": {"node_id": "GN-0196", "type": "junction", "name": "Junction 196", "degree": 4}, "geometry": {"type": "Point", "coordinates": [78.5442029, 17.4525495]}}, {"type": "Feature", "properties": {"node_id": "GN-0197", "type": "junction", "name": "Junction 197", "degree": 8}, "geometry": {"type": "Point", "coordinates": [78.58018727500001, 17.4460679]}}, {"type": "Feature", "properties": {"node_id": "GN-0198", "type": "junction", "name": "Junction 198", "degree": 6}, "geometry": {"type": "Point", "coordinates": [78.6218067, 17.456185966666666]}}, {"type": "Feature", "properties": {"node_id": "GN-0200", "type": "junction", "name": "Junction 200", "degree": 4}, "geometry": {"type": "Point", "coordinates": [78.5138959, 17.523785224999997]}}, {"type": "Feature", "properties": {"node_id": "GN-0201", "type": "junction", "name": "Junction 201", "degree": 4}, "geometry": {"type": "Point", "coordinates": [78.5143168, 17.522390050000002]}}, {"type": "Feature", "properties": {"node_id": "GN-0203", "type": "junction", "name": "Junction 203", "degree": 3}, "geometry": {"type": "Point", "coordinates": [78.2819614, 17.5076982]}}, {"type": "Feature", "properties": {"node_id": "GN-0204", "type": "station_or_junction", "name": "Ramachandrapuram TS", "degree": 4}, "geometry": {"type": "Point", "coordinates": [78.2821836, 17.5097112]}}, {"type": "Feature", "properties": {"node_id": "GN-0211", "type": "junction", "name": "Junction 211", "degree": 4}, "geometry": {"type": "Point", "coordinates": [78.504958775, 17.492235325]}}, {"type": "Feature", "properties": {"node_id": "GN-0212", "type": "junction", "name": "Junction 212", "degree": 4}, "geometry": {"type": "Point", "coordinates": [78.47164515, 17.4802283]}}, {"type": "Feature", "properties": {"node_id": "GN-0223", "type": "station", "name": "Ammuguda", "degree": 2}, "geometry": {"type": "Point", "coordinates": [78.525648, 17.4862562]}}, {"type": "Feature", "properties": {"node_id": "GN-0230", "type": "junction", "name": "Junction 230", "degree": 3}, "geometry": {"type": "Point", "coordinates": [78.4867305, 17.5714426]}}, {"type": "Feature", "properties": {"node_id": "GN-0236", "type": "junction", "name": "Junction 236", "degree": 4}, "geometry": {"type": "Point", "coordinates": [78.49279165, 17.431365099999997]}}]}